[
  {
    "participantID": "30",
    "instanceName": "BU11",
    "seqBall": 1,
    "urnPosteriors": [
      28.0,
      28.0,
      44.0
    ],
    "colourPosteriors": [
      26.0,
      23.0,
      24.0,
      27.0
    ],
    "responseTimeUrn": 109.316895,
    "responseTimeColour": 147.3169
  },
  {
    "participantID": "30",
    "instanceName": "BU11",
    "seqBall": 2,
    "urnPosteriors": [
      23.0,
      28.0,
      49.0
    ],
    "colourPosteriors": [
      23.0,
      20.0,
      22.0,
      35.0
    ],
    "responseTimeUrn": 31.15039,
    "responseTimeColour": 41.75
  },
  {
    "participantID": "30",
    "instanceName": "BU11",
    "seqBall": 3,
    "urnPosteriors": [
      20.0,
      26.0,
      54.0
    ],
    "colourPosteriors": [
      20.0,
      19.0,
      21.0,
      40.0
    ],
    "responseTimeUrn": 30.1499023,
    "responseTimeColour": 45.8500977
  }
]