[
  {
    "participantID": "30",
    "instanceName": "BU18",
    "seqBall": 1,
    "urnPosteriors": [
      10.0,
      20.0,
      30.0,
      40.0
    ],
    "colourPosteriors": [
      20.0,
      22.0,
      28.0,
      30.0
    ],
    "responseTimeUrn": 16.15039,
    "responseTimeColour": 73.86621
  },
  {
    "participantID": "30",
    "instanceName": "BU18",
    "seqBall": 2,
    "urnPosteriors": [
      10.0,
      15.0,
      33.0,
      42.0
    ],
    "colourPosteriors": [
      17.0,
      19.0,
      31.0,
      33.0
    ],
    "responseTimeUrn": 36.1826172,
    "responseTimeColour": 15.1835938
  },
  {
    "participantID": "30",
    "instanceName": "BU18",
    "seqBall": 3,
    "urnPosteriors": [
      7.0,
      13.0,
      37.0,
      43.0
    ],
    "colourPosteriors": [
      15.0,
      14.0,
      34.0,
      37.0
    ],
    "responseTimeUrn": 17.5332031,
    "responseTimeColour": 19.65039
  }
]