[
  {
    "participantID": "75",
    "instanceName": "BU17",
    "seqBall": 1,
    "urnPosteriors": [
      10.0,
      20.0,
      30.0,
      40.0
    ],
    "colourPosteriors": [
      25.0,
      25.0,
      25.0,
      25.0
    ],
    "responseTimeUrn": 27.4331055,
    "responseTimeColour": 46.800293
  },
  {
    "participantID": "75",
    "instanceName": "BU17",
    "seqBall": 2,
    "urnPosteriors": [
      10.0,
      35.0,
      20.0,
      35.0
    ],
    "colourPosteriors": [
      20.0,
      30.0,
      20.0,
      30.0
    ],
    "responseTimeUrn": 55.5668945,
    "responseTimeColour": 40.5498047
  },
  {
    "participantID": "75",
    "instanceName": "BU17",
    "seqBall": 3,
    "urnPosteriors": [
      0.0,
      35.0,
      20.0,
      45.0
    ],
    "colourPosteriors": [
      13.0,
      22.0,
      25.0,
      40.0
    ],
    "responseTimeUrn": 63.7334,
    "responseTimeColour": 48.2832031
  }
]