[
  {
    "participantID": "75",
    "instanceName": "BU12",
    "seqBall": 1,
    "urnPosteriors": [
      49.0,
      39.0,
      12.0
    ],
    "colourPosteriors": [
      35.0,
      35.0,
      20.0,
      10.0
    ],
    "responseTimeUrn": 53.4834,
    "responseTimeColour": 39.5834961
  },
  {
    "participantID": "75",
    "instanceName": "BU12",
    "seqBall": 2,
    "urnPosteriors": [
      60.0,
      40.0,
      0.0
    ],
    "colourPosteriors": [
      40.0,
      20.0,
      20.0,
      20.0
    ],
    "responseTimeUrn": 20.7333984,
    "responseTimeColour": 31.1333
  },
  {
    "participantID": "75",
    "instanceName": "BU12",
    "seqBall": 3,
    "urnPosteriors": [
      70.0,
      30.0,
      0.0
    ],
    "colourPosteriors": [
      25.0,
      23.0,
      32.0,
      20.0
    ],
    "responseTimeUrn": 21.98291,
    "responseTimeColour": 77.80029
  }
]