[
  {
    "participantID": "75",
    "instanceName": "BU16",
    "seqBall": 1,
    "urnPosteriors": [
      60.0,
      5.0,
      10.0,
      25.0
    ],
    "colourPosteriors": [
      70.0,
      20.0,
      10.0
    ],
    "responseTimeUrn": 35.1000977,
    "responseTimeColour": 33.19995
  },
  {
    "participantID": "75",
    "instanceName": "BU16",
    "seqBall": 2,
    "urnPosteriors": [
      5.0,
      5.0,
      50.0,
      40.0
    ],
    "colourPosteriors": [
      32.0,
      15.0,
      53.0
    ],
    "responseTimeUrn": 72.1335449,
    "responseTimeColour": 80.4834
  },
  {
    "participantID": "75",
    "instanceName": "BU16",
    "seqBall": 3,
    "urnPosteriors": [
      0.0,
      10.0,
      70.0,
      20.0
    ],
    "colourPosteriors": [
      25.0,
      10.0,
      65.0
    ],
    "responseTimeUrn": 33.4997559,
    "responseTimeColour": 35.4501953
  }
]