[
  {
    "participantID": "75",
    "instanceName": "BU11",
    "seqBall": 1,
    "urnPosteriors": [
      30.0,
      30.0,
      40.0
    ],
    "colourPosteriors": [
      20.0,
      30.0,
      30.0,
      20.0
    ],
    "responseTimeUrn": 28.6333,
    "responseTimeColour": 56.5166
  },
  {
    "participantID": "75",
    "instanceName": "BU11",
    "seqBall": 2,
    "urnPosteriors": [
      20.0,
      30.0,
      50.0
    ],
    "colourPosteriors": [
      10.0,
      24.0,
      28.0,
      38.0
    ],
    "responseTimeUrn": 18.3334961,
    "responseTimeColour": 76.1499
  },
  {
    "participantID": "75",
    "instanceName": "BU11",
    "seqBall": 3,
    "urnPosteriors": [
      0.0,
      35.0,
      65.0
    ],
    "colourPosteriors": [
      10.0,
      30.0,
      30.0,
      30.0
    ],
    "responseTimeUrn": 40.4165039,
    "responseTimeColour": 93.4668
  }
]