[
  {
    "participantID": "75",
    "instanceName": "BUPractice",
    "seqBall": 1,
    "urnPosteriors": [
      40.0,
      60.0
    ],
    "colourPosteriors": [
      46.0,
      54.0
    ],
    "responseTimeUrn": 20.666748,
    "responseTimeColour": 96.5168457
  },
  {
    "participantID": "75",
    "instanceName": "BUPractice",
    "seqBall": 2,
    "urnPosteriors": [
      30.0,
      70.0
    ],
    "colourPosteriors": [
      50.0,
      50.0
    ],
    "responseTimeUrn": 43.550293,
    "responseTimeColour": 41.0166
  },
  {
    "participantID": "75",
    "instanceName": "BUPractice",
    "seqBall": 3,
    "urnPosteriors": [
      15.0,
      85.0
    ],
    "colourPosteriors": [
      58.0,
      42.0
    ],
    "responseTimeUrn": 39.1000977,
    "responseTimeColour": 62.3168945
  }
]