[
  {
    "participantID": "75",
    "instanceName": "BU15",
    "seqBall": 1,
    "urnPosteriors": [
      15.0,
      50.0,
      7.0,
      28.0
    ],
    "colourPosteriors": [
      10.0,
      70.0,
      20.0
    ],
    "responseTimeUrn": 119.1167,
    "responseTimeColour": 133.8667
  },
  {
    "participantID": "75",
    "instanceName": "BU15",
    "seqBall": 2,
    "urnPosteriors": [
      16.0,
      12.0,
      7.0,
      65.0
    ],
    "colourPosteriors": [
      35.0,
      35.0,
      30.0
    ],
    "responseTimeUrn": 266.8169,
    "responseTimeColour": 81.53345
  },
  {
    "participantID": "75",
    "instanceName": "BU15",
    "seqBall": 3,
    "urnPosteriors": [
      5.0,
      15.0,
      15.0,
      65.0
    ],
    "colourPosteriors": [
      30.0,
      40.0,
      30.0
    ],
    "responseTimeUrn": 42.55005,
    "responseTimeColour": 24.8500977
  }
]