[
  {
    "participantID": "9",
    "instanceName": "BU5",
    "seqBall": 1,
    "urnPosteriors": [
      39.0,
      61.0
    ],
    "colourPosteriors": [
      10.0,
      20.0,
      29.0,
      41.0
    ],
    "responseTimeUrn": 22.5166016,
    "responseTimeColour": 56.55005
  },
  {
    "participantID": "9",
    "instanceName": "BU5",
    "seqBall": 2,
    "urnPosteriors": [
      29.0,
      71.0
    ],
    "colourPosteriors": [
      4.0,
      13.0,
      31.0,
      52.0
    ],
    "responseTimeUrn": 10.916748,
    "responseTimeColour": 123.6001
  },
  {
    "participantID": "9",
    "instanceName": "BU5",
    "seqBall": 3,
    "urnPosteriors": [
      8.0,
      92.0
    ],
    "colourPosteriors": [
      3.0,
      6.0,
      21.0,
      70.0
    ],
    "responseTimeUrn": 32.2334,
    "responseTimeColour": 121.016846
  }
]