[
  {
    "participantID": "9",
    "instanceName": "BU9",
    "seqBall": 1,
    "urnPosteriors": [
      8.0,
      22.0,
      70.0
    ],
    "colourPosteriors": [
      17.0,
      9.0,
      74.0
    ],
    "responseTimeUrn": 74.85034,
    "responseTimeColour": 77.3833
  },
  {
    "participantID": "9",
    "instanceName": "BU9",
    "seqBall": 2,
    "urnPosteriors": [
      8.0,
      17.0,
      75.0
    ],
    "colourPosteriors": [
      15.0,
      9.0,
      76.0
    ],
    "responseTimeUrn": 21.1999512,
    "responseTimeColour": 17.0834961
  },
  {
    "participantID": "9",
    "instanceName": "BU9",
    "seqBall": 3,
    "urnPosteriors": [
      8.0,
      19.0,
      73.0
    ],
    "colourPosteriors": [
      14.0,
      1.0,
      85.0
    ],
    "responseTimeUrn": 34.94995,
    "responseTimeColour": 56.166748
  }
]