[
  {
    "participantID": "9",
    "instanceName": "BU1",
    "seqBall": 1,
    "urnPosteriors": [
      26.0,
      74.0
    ],
    "colourPosteriors": [
      28.0,
      72.0
    ],
    "responseTimeUrn": 20.2666016,
    "responseTimeColour": 17.4833984
  },
  {
    "participantID": "9",
    "instanceName": "BU1",
    "seqBall": 2,
    "urnPosteriors": [
      33.0,
      67.0
    ],
    "colourPosteriors": [
      32.0,
      68.0
    ],
    "responseTimeUrn": 15.800293,
    "responseTimeColour": 17.75
  },
  {
    "participantID": "9",
    "instanceName": "BU1",
    "seqBall": 3,
    "urnPosteriors": [
      26.0,
      74.0
    ],
    "colourPosteriors": [
      26.0,
      74.0
    ],
    "responseTimeUrn": 18.7998047,
    "responseTimeColour": 10.2836914
  }
]