[
  {
    "participantID": "9",
    "instanceName": "BU11",
    "seqBall": 1,
    "urnPosteriors": [
      26.0,
      33.0,
      41.0
    ],
    "colourPosteriors": [
      11.0,
      19.0,
      31.0,
      39.0
    ],
    "responseTimeUrn": 25.1167,
    "responseTimeColour": 32.9169922
  },
  {
    "participantID": "9",
    "instanceName": "BU11",
    "seqBall": 2,
    "urnPosteriors": [
      11.0,
      36.0,
      53.0
    ],
    "colourPosteriors": [
      9.0,
      16.0,
      32.0,
      43.0
    ],
    "responseTimeUrn": 28.1333,
    "responseTimeColour": 33.800293
  },
  {
    "participantID": "9",
    "instanceName": "BU11",
    "seqBall": 3,
    "urnPosteriors": [
      0.0,
      18.0,
      82.0
    ],
    "colourPosteriors": [
      3.0,
      12.0,
      34.0,
      51.0
    ],
    "responseTimeUrn": 44.9165039,
    "responseTimeColour": 89.4834
  }
]