[
  {
    "participantID": "46",
    "instanceName": "BU18",
    "seqBall": 1,
    "urnPosteriors": [
      10.0,
      20.0,
      30.0,
      40.0
    ],
    "colourPosteriors": [
      25.0,
      25.0,
      25.0,
      25.0
    ],
    "responseTimeUrn": 37.4665527,
    "responseTimeColour": 28.1665039
  },
  {
    "participantID": "46",
    "instanceName": "BU18",
    "seqBall": 2,
    "urnPosteriors": [
      10.0,
      20.0,
      30.0,
      40.0
    ],
    "colourPosteriors": [
      25.0,
      25.0,
      25.0,
      25.0
    ],
    "responseTimeUrn": 10.0334473,
    "responseTimeColour": 1.71679688
  },
  {
    "participantID": "46",
    "instanceName": "BU18",
    "seqBall": 3,
    "urnPosteriors": [
      10.0,
      20.0,
      30.0,
      40.0
    ],
    "colourPosteriors": [
      25.0,
      25.0,
      25.0,
      25.0
    ],
    "responseTimeUrn": 2.083252,
    "responseTimeColour": 1.48339844
  }
]