[
  {
    "participantID": "46",
    "instanceName": "BUPractice",
    "seqBall": 1,
    "urnPosteriors": [
      40.0,
      60.0
    ],
    "colourPosteriors": [
      60.0,
      40.0
    ],
    "responseTimeUrn": 21.1333,
    "responseTimeColour": 38.1000977
  },
  {
    "participantID": "46",
    "instanceName": "BUPractice",
    "seqBall": 2,
    "urnPosteriors": [
      33.0,
      67.0
    ],
    "colourPosteriors": [
      44.0,
      56.0
    ],
    "responseTimeUrn": 25.6835938,
    "responseTimeColour": 13.5664063
  },
  {
    "participantID": "46",
    "instanceName": "BUPractice",
    "seqBall": 3,
    "urnPosteriors": [
      21.0,
      79.0
    ],
    "colourPosteriors": [
      57.0,
      43.0
    ],
    "responseTimeUrn": 12.18335,
    "responseTimeColour": 14.333252
  }
]