[
  {
    "participantID": "73",
    "instanceName": "BU17",
    "seqBall": 1,
    "urnPosteriors": [
      10.0,
      10.0,
      40.0,
      40.0
    ],
    "colourPosteriors": [
      30.0,
      30.0,
      30.0,
      10.0
    ],
    "responseTimeUrn": 35.2167969,
    "responseTimeColour": 26.0498047
  },
  {
    "participantID": "73",
    "instanceName": "BU17",
    "seqBall": 2,
    "urnPosteriors": [
      30.0,
      40.0,
      10.0,
      20.0
    ],
    "colourPosteriors": [
      30.0,
      30.0,
      30.0,
      10.0
    ],
    "responseTimeUrn": 35.449707,
    "responseTimeColour": 1.60009766
  },
  {
    "participantID": "73",
    "instanceName": "BU17",
    "seqBall": 3,
    "urnPosteriors": [
      5.0,
      15.0,
      30.0,
      50.0
    ],
    "colourPosteriors": [
      30.0,
      30.0,
      30.0,
      10.0
    ],
    "responseTimeUrn": 23.4667969,
    "responseTimeColour": 1.54980469
  }
]