[
  {
    "participantID": "73",
    "instanceName": "BU18",
    "seqBall": 1,
    "urnPosteriors": [
      5.0,
      20.0,
      35.0,
      40.0
    ],
    "colourPosteriors": [
      30.0,
      30.0,
      30.0,
      10.0
    ],
    "responseTimeUrn": 49.1167,
    "responseTimeColour": 17.1167
  },
  {
    "participantID": "73",
    "instanceName": "BU18",
    "seqBall": 2,
    "urnPosteriors": [
      20.0,
      10.0,
      35.0,
      35.0
    ],
    "colourPosteriors": [
      30.0,
      30.0,
      30.0,
      10.0
    ],
    "responseTimeUrn": 36.74951,
    "responseTimeColour": 2.75
  },
  {
    "participantID": "73",
    "instanceName": "BU18",
    "seqBall": 3,
    "urnPosteriors": [
      20.0,
      10.0,
      35.0,
      35.0
    ],
    "colourPosteriors": [
      30.0,
      30.0,
      30.0,
      10.0
    ],
    "responseTimeUrn": 2.116211,
    "responseTimeColour": 1.01660156
  }
]