[
  {
    "participantID": "73",
    "instanceName": "BU9",
    "seqBall": 1,
    "urnPosteriors": [
      10.0,
      20.0,
      70.0
    ],
    "colourPosteriors": [
      30.0,
      35.0,
      35.0
    ],
    "responseTimeUrn": 134.6001,
    "responseTimeColour": 280.5503
  },
  {
    "participantID": "73",
    "instanceName": "BU9",
    "seqBall": 2,
    "urnPosteriors": [
      5.0,
      10.0,
      85.0
    ],
    "colourPosteriors": [
      40.0,
      40.0,
      20.0
    ],
    "responseTimeUrn": 136.500488,
    "responseTimeColour": 316.2837
  },
  {
    "participantID": "73",
    "instanceName": "BU9",
    "seqBall": 3,
    "urnPosteriors": [
      7.0,
      15.0,
      78.0
    ],
    "colourPosteriors": [
      30.0,
      60.0,
      10.0
    ],
    "responseTimeUrn": 142.383789,
    "responseTimeColour": 27.2001953
  }
]