[
  {
    "participantID": "41",
    "instanceName": "BU3",
    "seqBall": 1,
    "urnPosteriors": [
      67.0,
      33.0
    ],
    "colourPosteriors": [
      53.0,
      17.0,
      30.0
    ],
    "responseTimeUrn": 42.84961,
    "responseTimeColour": 731.9678
  },
  {
    "participantID": "41",
    "instanceName": "BU3",
    "seqBall": 2,
    "urnPosteriors": [
      72.0,
      28.0
    ],
    "colourPosteriors": [
      53.0,
      6.0,
      41.0
    ],
    "responseTimeUrn": 608.9004,
    "responseTimeColour": 97.7832
  },
  {
    "participantID": "41",
    "instanceName": "BU3",
    "seqBall": 3,
    "urnPosteriors": [
      65.0,
      35.0
    ],
    "colourPosteriors": [
      51.0,
      4.0,
      45.0
    ],
    "responseTimeUrn": 12.9667969,
    "responseTimeColour": 29.7998047
  }
]