[
  {
    "participantID": "41",
    "instanceName": "BU17",
    "seqBall": 1,
    "urnPosteriors": [
      10.0,
      20.0,
      30.0,
      40.0
    ],
    "colourPosteriors": [
      20.0,
      22.0,
      28.0,
      30.0
    ],
    "responseTimeUrn": 59.4838867,
    "responseTimeColour": 379.2168
  },
  {
    "participantID": "41",
    "instanceName": "BU17",
    "seqBall": 2,
    "urnPosteriors": [
      30.0,
      40.0,
      10.0,
      20.0
    ],
    "colourPosteriors": [
      28.0,
      30.0,
      20.0,
      22.0
    ],
    "responseTimeUrn": 47.6835938,
    "responseTimeColour": 683.3672
  },
  {
    "participantID": "41",
    "instanceName": "BU17",
    "seqBall": 3,
    "urnPosteriors": [
      1.0,
      8.0,
      27.0,
      64.0
    ],
    "colourPosteriors": [
      10.0,
      14.0,
      28.0,
      48.0
    ],
    "responseTimeUrn": 1462.88379,
    "responseTimeColour": 297.1006
  }
]