[
  {
    "participantID": "41",
    "instanceName": "BU11",
    "seqBall": 1,
    "urnPosteriors": [
      28.0,
      28.0,
      44.0
    ],
    "colourPosteriors": [
      20.0,
      22.0,
      22.0,
      36.0
    ],
    "responseTimeUrn": 45.84961,
    "responseTimeColour": 67.8339844
  },
  {
    "participantID": "41",
    "instanceName": "BU11",
    "seqBall": 2,
    "urnPosteriors": [
      13.0,
      35.0,
      52.0
    ],
    "colourPosteriors": [
      16.0,
      14.0,
      22.0,
      48.0
    ],
    "responseTimeUrn": 6.633789,
    "responseTimeColour": 14.5166016
  },
  {
    "participantID": "41",
    "instanceName": "BU11",
    "seqBall": 3,
    "urnPosteriors": [
      3.0,
      28.0,
      69.0
    ],
    "colourPosteriors": [
      6.0,
      7.0,
      16.0,
      71.0
    ],
    "responseTimeUrn": 20.2998047,
    "responseTimeColour": 17.1669922
  }
]