[
  {
    "participantID": "33",
    "instanceName": "BU5",
    "seqBall": 1,
    "urnPosteriors": [
      40.0,
      60.0
    ],
    "colourPosteriors": [
      40.0,
      30.0,
      20.0,
      10.0
    ],
    "responseTimeUrn": 26.11621,
    "responseTimeColour": 31.2998047
  },
  {
    "participantID": "33",
    "instanceName": "BU5",
    "seqBall": 2,
    "urnPosteriors": [
      35.0,
      65.0
    ],
    "colourPosteriors": [
      10.0,
      20.0,
      30.0,
      40.0
    ],
    "responseTimeUrn": 10.5664063,
    "responseTimeColour": 35.7832031
  },
  {
    "participantID": "33",
    "instanceName": "BU5",
    "seqBall": 3,
    "urnPosteriors": [
      25.0,
      75.0
    ],
    "colourPosteriors": [
      4.0,
      15.0,
      32.0,
      49.0
    ],
    "responseTimeUrn": 50.8164063,
    "responseTimeColour": 68.90039
  }
]