[
  {
    "participantID": "33",
    "instanceName": "BU16",
    "seqBall": 1,
    "urnPosteriors": [
      54.0,
      7.0,
      14.0,
      25.0
    ],
    "colourPosteriors": [
      70.0,
      23.0,
      7.0
    ],
    "responseTimeUrn": 383.2832,
    "responseTimeColour": 152.2168
  },
  {
    "participantID": "33",
    "instanceName": "BU16",
    "seqBall": 2,
    "urnPosteriors": [
      7.0,
      14.0,
      54.0,
      25.0
    ],
    "colourPosteriors": [
      7.0,
      23.0,
      70.0
    ],
    "responseTimeUrn": 59.5166,
    "responseTimeColour": 63.8667
  },
  {
    "participantID": "33",
    "instanceName": "BU16",
    "seqBall": 3,
    "urnPosteriors": [
      0.0,
      12.0,
      61.0,
      27.0
    ],
    "colourPosteriors": [
      7.0,
      23.0,
      70.0
    ],
    "responseTimeUrn": 73.94971,
    "responseTimeColour": 30.800293
  }
]