[
  {
    "participantID": "33",
    "instanceName": "BU15",
    "seqBall": 1,
    "urnPosteriors": [
      16.0,
      50.0,
      8.0,
      26.0
    ],
    "colourPosteriors": [
      15.0,
      60.0,
      25.0
    ],
    "responseTimeUrn": 153.6001,
    "responseTimeColour": 102.9834
  },
  {
    "participantID": "33",
    "instanceName": "BU15",
    "seqBall": 2,
    "urnPosteriors": [
      58.0,
      12.0,
      10.0,
      20.0
    ],
    "colourPosteriors": [
      60.0,
      25.0,
      15.0
    ],
    "responseTimeUrn": 282.3501,
    "responseTimeColour": 44.949707
  },
  {
    "participantID": "33",
    "instanceName": "BU15",
    "seqBall": 3,
    "urnPosteriors": [
      53.0,
      12.0,
      25.0,
      10.0
    ],
    "colourPosteriors": [
      60.0,
      25.0,
      15.0
    ],
    "responseTimeUrn": 56.0668945,
    "responseTimeColour": 39.3330078
  }
]