[
  {
    "participantID": "28",
    "instanceName": "BU11",
    "seqBall": 1,
    "urnPosteriors": [
      30.0,
      30.0,
      40.0
    ],
    "colourPosteriors": [
      25.0,
      23.0,
      24.0,
      28.0
    ],
    "responseTimeUrn": 24.300293,
    "responseTimeColour": 111.5332
  },
  {
    "participantID": "28",
    "instanceName": "BU11",
    "seqBall": 2,
    "urnPosteriors": [
      15.0,
      25.0,
      60.0
    ],
    "colourPosteriors": [
      20.0,
      20.0,
      26.0,
      34.0
    ],
    "responseTimeUrn": 57.1000977,
    "responseTimeColour": 150.2832
  },
  {
    "participantID": "28",
    "instanceName": "BU11",
    "seqBall": 3,
    "urnPosteriors": [
      0.0,
      15.0,
      85.0
    ],
    "colourPosteriors": [
      10.0,
      20.0,
      30.0,
      40.0
    ],
    "responseTimeUrn": 46.7334,
    "responseTimeColour": 58.8833
  }
]