[
  {
    "participantID": "11",
    "instanceName": "BU18",
    "seqBall": 1,
    "urnPosteriors": [
      10.0,
      20.0,
      30.0,
      40.0
    ],
    "colourPosteriors": [
      10.0,
      20.0,
      30.0,
      40.0
    ],
    "responseTimeUrn": 24.3330078,
    "responseTimeColour": 36.8168945
  },
  {
    "participantID": "11",
    "instanceName": "BU18",
    "seqBall": 2,
    "urnPosteriors": [
      10.0,
      10.0,
      46.0,
      34.0
    ],
    "colourPosteriors": [
      20.0,
      10.0,
      40.0,
      30.0
    ],
    "responseTimeUrn": 30.6835938,
    "responseTimeColour": 19.6333
  },
  {
    "participantID": "11",
    "instanceName": "BU18",
    "seqBall": 3,
    "urnPosteriors": [
      8.0,
      8.0,
      47.0,
      37.0
    ],
    "colourPosteriors": [
      20.0,
      10.0,
      40.0,
      30.0
    ],
    "responseTimeUrn": 51.0,
    "responseTimeColour": 8.033691
  }
]