[
  {
    "participantID": "11",
    "instanceName": "BU17",
    "seqBall": 1,
    "urnPosteriors": [
      10.0,
      20.0,
      30.0,
      40.0
    ],
    "colourPosteriors": [
      10.0,
      20.0,
      30.0,
      40.0
    ],
    "responseTimeUrn": 21.1665039,
    "responseTimeColour": 21.1499023
  },
  {
    "participantID": "11",
    "instanceName": "BU17",
    "seqBall": 2,
    "urnPosteriors": [
      16.0,
      34.0,
      21.0,
      29.0
    ],
    "colourPosteriors": [
      30.0,
      40.0,
      10.0,
      20.0
    ],
    "responseTimeUrn": 116.1333,
    "responseTimeColour": 25.2998047
  },
  {
    "participantID": "11",
    "instanceName": "BU17",
    "seqBall": 3,
    "urnPosteriors": [
      16.0,
      31.0,
      21.0,
      32.0
    ],
    "colourPosteriors": [
      30.0,
      34.0,
      10.0,
      26.0
    ],
    "responseTimeUrn": 12.8833008,
    "responseTimeColour": 30.3500977
  }
]