[
  {
    "participantID": "11",
    "instanceName": "BU16",
    "seqBall": 1,
    "urnPosteriors": [
      60.0,
      8.0,
      12.0,
      20.0
    ],
    "colourPosteriors": [
      57.0,
      35.0,
      8.0
    ],
    "responseTimeUrn": 46.2334,
    "responseTimeColour": 24.4331055
  },
  {
    "participantID": "11",
    "instanceName": "BU16",
    "seqBall": 2,
    "urnPosteriors": [
      48.0,
      8.0,
      16.0,
      28.0
    ],
    "colourPosteriors": [
      46.0,
      34.0,
      20.0
    ],
    "responseTimeUrn": 41.4335938,
    "responseTimeColour": 29.0
  },
  {
    "participantID": "11",
    "instanceName": "BU16",
    "seqBall": 3,
    "urnPosteriors": [
      33.0,
      7.0,
      23.0,
      37.0
    ],
    "colourPosteriors": [
      42.0,
      38.0,
      20.0
    ],
    "responseTimeUrn": 42.5834961,
    "responseTimeColour": 13.7836914
  }
]