[
  {
    "participantID": "26",
    "instanceName": "BU7",
    "seqBall": 1,
    "urnPosteriors": [
      15.0,
      35.0,
      50.0
    ],
    "colourPosteriors": [
      30.0,
      70.0
    ],
    "responseTimeUrn": 202.3501,
    "responseTimeColour": 24.6167
  },
  {
    "participantID": "26",
    "instanceName": "BU7",
    "seqBall": 2,
    "urnPosteriors": [
      7.0,
      28.0,
      65.0
    ],
    "colourPosteriors": [
      30.0,
      70.0
    ],
    "responseTimeUrn": 56.4834,
    "responseTimeColour": 14.0498047
  },
  {
    "participantID": "26",
    "instanceName": "BU7",
    "seqBall": 3,
    "urnPosteriors": [
      23.0,
      36.0,
      41.0
    ],
    "colourPosteriors": [
      41.0,
      59.0
    ],
    "responseTimeUrn": 132.5835,
    "responseTimeColour": 23.75
  }
]