[
  {
    "participantID": "26",
    "instanceName": "BU13",
    "seqBall": 1,
    "urnPosteriors": [
      35.0,
      30.0,
      20.0,
      15.0
    ],
    "colourPosteriors": [
      70.0,
      30.0
    ],
    "responseTimeUrn": 119.3667,
    "responseTimeColour": 33.7001953
  },
  {
    "participantID": "26",
    "instanceName": "BU13",
    "seqBall": 2,
    "urnPosteriors": [
      15.0,
      20.0,
      30.0,
      35.0
    ],
    "colourPosteriors": [
      30.0,
      70.0
    ],
    "responseTimeUrn": 40.0166,
    "responseTimeColour": 11.4667969
  },
  {
    "participantID": "26",
    "instanceName": "BU13",
    "seqBall": 3,
    "urnPosteriors": [
      12.0,
      19.0,
      29.0,
      40.0
    ],
    "colourPosteriors": [
      27.0,
      73.0
    ],
    "responseTimeUrn": 28.1005859,
    "responseTimeColour": 9.283203
  }
]