[
  {
    "participantID": "26",
    "instanceName": "BU5",
    "seqBall": 1,
    "urnPosteriors": [
      40.0,
      60.0
    ],
    "colourPosteriors": [
      10.0,
      20.0,
      30.0,
      40.0
    ],
    "responseTimeUrn": 38.0332031,
    "responseTimeColour": 34.8334961
  },
  {
    "participantID": "26",
    "instanceName": "BU5",
    "seqBall": 2,
    "urnPosteriors": [
      30.0,
      70.0
    ],
    "colourPosteriors": [
      10.0,
      20.0,
      30.0,
      40.0
    ],
    "responseTimeUrn": 24.51709,
    "responseTimeColour": 23.5332031
  },
  {
    "participantID": "26",
    "instanceName": "BU5",
    "seqBall": 3,
    "urnPosteriors": [
      23.0,
      77.0
    ],
    "colourPosteriors": [
      8.0,
      16.0,
      32.0,
      44.0
    ],
    "responseTimeUrn": 21.3833,
    "responseTimeColour": 37.0498047
  }
]