[
  {
    "participantID": "26",
    "instanceName": "BU12",
    "seqBall": 1,
    "urnPosteriors": [
      50.0,
      43.0,
      7.0
    ],
    "colourPosteriors": [
      40.0,
      30.0,
      20.0,
      10.0
    ],
    "responseTimeUrn": 174.350586,
    "responseTimeColour": 23.5830078
  },
  {
    "participantID": "26",
    "instanceName": "BU12",
    "seqBall": 2,
    "urnPosteriors": [
      57.0,
      38.0,
      5.0
    ],
    "colourPosteriors": [
      40.0,
      30.0,
      20.0,
      10.0
    ],
    "responseTimeUrn": 43.7167969,
    "responseTimeColour": 14.2333984
  },
  {
    "participantID": "26",
    "instanceName": "BU12",
    "seqBall": 3,
    "urnPosteriors": [
      50.0,
      38.0,
      12.0
    ],
    "colourPosteriors": [
      40.0,
      30.0,
      20.0,
      10.0
    ],
    "responseTimeUrn": 158.1836,
    "responseTimeColour": 22.3330078
  }
]