[
  {
    "participantID": "68",
    "instanceName": "BU3",
    "seqBall": 1,
    "urnPosteriors": [
      67.0,
      33.0
    ],
    "colourPosteriors": [
      59.0,
      9.0,
      32.0
    ],
    "responseTimeUrn": 38.2001953,
    "responseTimeColour": 28.26709
  },
  {
    "participantID": "68",
    "instanceName": "BU3",
    "seqBall": 2,
    "urnPosteriors": [
      78.0,
      22.0
    ],
    "colourPosteriors": [
      31.0,
      9.0,
      60.0
    ],
    "responseTimeUrn": 39.1167,
    "responseTimeColour": 15.6665039
  },
  {
    "participantID": "68",
    "instanceName": "BU3",
    "seqBall": 3,
    "urnPosteriors": [
      68.0,
      32.0
    ],
    "colourPosteriors": [
      35.0,
      19.0,
      46.0
    ],
    "responseTimeUrn": 16.9335938,
    "responseTimeColour": 62.4667969
  }
]