[
  {
    "participantID": "68",
    "instanceName": "BU13",
    "seqBall": 1,
    "urnPosteriors": [
      35.0,
      30.0,
      20.0,
      15.0
    ],
    "colourPosteriors": [
      56.0,
      44.0
    ],
    "responseTimeUrn": 64.8334961,
    "responseTimeColour": 27.1000977
  },
  {
    "participantID": "68",
    "instanceName": "BU13",
    "seqBall": 2,
    "urnPosteriors": [
      15.0,
      20.0,
      30.0,
      35.0
    ],
    "colourPosteriors": [
      44.0,
      56.0
    ],
    "responseTimeUrn": 32.8833,
    "responseTimeColour": 11.5498047
  },
  {
    "participantID": "68",
    "instanceName": "BU13",
    "seqBall": 3,
    "urnPosteriors": [
      18.0,
      20.0,
      22.0,
      40.0
    ],
    "colourPosteriors": [
      40.0,
      60.0
    ],
    "responseTimeUrn": 33.0166,
    "responseTimeColour": 8.333496
  }
]