[
  {
    "participantID": "68",
    "instanceName": "BU12",
    "seqBall": 1,
    "urnPosteriors": [
      50.0,
      30.0,
      20.0
    ],
    "colourPosteriors": [
      18.0,
      23.0,
      23.0,
      36.0
    ],
    "responseTimeUrn": 89.0168457,
    "responseTimeColour": 170.5503
  },
  {
    "participantID": "68",
    "instanceName": "BU12",
    "seqBall": 2,
    "urnPosteriors": [
      44.0,
      36.0,
      20.0
    ],
    "colourPosteriors": [
      18.0,
      23.0,
      23.0,
      36.0
    ],
    "responseTimeUrn": 46.5668945,
    "responseTimeColour": 12.8500977
  },
  {
    "participantID": "68",
    "instanceName": "BU12",
    "seqBall": 3,
    "urnPosteriors": [
      70.0,
      15.0,
      15.0
    ],
    "colourPosteriors": [
      12.0,
      25.0,
      25.0,
      38.0
    ],
    "responseTimeUrn": 32.3999023,
    "responseTimeColour": 163.016846
  }
]