[
  {
    "participantID": "68",
    "instanceName": "BU16",
    "seqBall": 1,
    "urnPosteriors": [
      53.0,
      5.0,
      18.0,
      24.0
    ],
    "colourPosteriors": [
      30.0,
      36.0,
      34.0
    ],
    "responseTimeUrn": 144.633545,
    "responseTimeColour": 69.9501953
  },
  {
    "participantID": "68",
    "instanceName": "BU16",
    "seqBall": 2,
    "urnPosteriors": [
      5.0,
      14.0,
      53.0,
      28.0
    ],
    "colourPosteriors": [
      34.0,
      36.0,
      30.0
    ],
    "responseTimeUrn": 93.7334,
    "responseTimeColour": 18.4165039
  },
  {
    "participantID": "68",
    "instanceName": "BU16",
    "seqBall": 3,
    "urnPosteriors": [
      5.0,
      12.0,
      58.0,
      25.0
    ],
    "colourPosteriors": [
      34.0,
      39.0,
      27.0
    ],
    "responseTimeUrn": 32.7666,
    "responseTimeColour": 25.6005859
  }
]