[
  {
    "participantID": "68",
    "instanceName": "BU1",
    "seqBall": 1,
    "urnPosteriors": [
      30.0,
      70.0
    ],
    "colourPosteriors": [
      44.0,
      56.0
    ],
    "responseTimeUrn": 18.6669922,
    "responseTimeColour": 20.0166016
  },
  {
    "participantID": "68",
    "instanceName": "BU1",
    "seqBall": 2,
    "urnPosteriors": [
      66.0,
      34.0
    ],
    "colourPosteriors": [
      50.0,
      50.0
    ],
    "responseTimeUrn": 27.1167,
    "responseTimeColour": 12.2998047
  },
  {
    "participantID": "68",
    "instanceName": "BU1",
    "seqBall": 3,
    "urnPosteriors": [
      40.0,
      60.0
    ],
    "colourPosteriors": [
      58.0,
      42.0
    ],
    "responseTimeUrn": 22.2001953,
    "responseTimeColour": 23.3334961
  }
]