[
  {
    "participantID": "19",
    "instanceName": "BU9",
    "seqBall": 1,
    "urnPosteriors": [
      10.0,
      20.0,
      70.0
    ],
    "colourPosteriors": [
      25.0,
      35.0,
      40.0
    ],
    "responseTimeUrn": 31.4165039,
    "responseTimeColour": 48.1167
  },
  {
    "participantID": "19",
    "instanceName": "BU9",
    "seqBall": 2,
    "urnPosteriors": [
      10.0,
      15.0,
      75.0
    ],
    "colourPosteriors": [
      20.0,
      15.0,
      65.0
    ],
    "responseTimeUrn": 18.5166016,
    "responseTimeColour": 42.5668945
  },
  {
    "participantID": "19",
    "instanceName": "BU9",
    "seqBall": 3,
    "urnPosteriors": [
      10.0,
      15.0,
      75.0
    ],
    "colourPosteriors": [
      15.0,
      25.0,
      60.0
    ],
    "responseTimeUrn": 35.5664063,
    "responseTimeColour": 28.1835938
  }
]