[
  {
    "participantID": "19",
    "instanceName": "BU3",
    "seqBall": 1,
    "urnPosteriors": [
      85.0,
      15.0
    ],
    "colourPosteriors": [
      80.0,
      15.0,
      5.0
    ],
    "responseTimeUrn": 24.1335449,
    "responseTimeColour": 54.5834961
  },
  {
    "participantID": "19",
    "instanceName": "BU3",
    "seqBall": 2,
    "urnPosteriors": [
      92.0,
      8.0
    ],
    "colourPosteriors": [
      75.0,
      17.0,
      8.0
    ],
    "responseTimeUrn": 33.75,
    "responseTimeColour": 94.65015
  },
  {
    "participantID": "19",
    "instanceName": "BU3",
    "seqBall": 3,
    "urnPosteriors": [
      98.0,
      2.0
    ],
    "colourPosteriors": [
      80.0,
      15.0,
      5.0
    ],
    "responseTimeUrn": 15.8833008,
    "responseTimeColour": 32.43335
  }
]