[
  {
    "participantID": "19",
    "instanceName": "BU17",
    "seqBall": 1,
    "urnPosteriors": [
      10.0,
      20.0,
      30.0,
      40.0
    ],
    "colourPosteriors": [
      5.0,
      15.0,
      35.0,
      45.0
    ],
    "responseTimeUrn": 26.7832031,
    "responseTimeColour": 35.43335
  },
  {
    "participantID": "19",
    "instanceName": "BU17",
    "seqBall": 2,
    "urnPosteriors": [
      15.0,
      25.0,
      30.0,
      30.0
    ],
    "colourPosteriors": [
      5.0,
      20.0,
      35.0,
      40.0
    ],
    "responseTimeUrn": 46.4997559,
    "responseTimeColour": 39.916748
  },
  {
    "participantID": "19",
    "instanceName": "BU17",
    "seqBall": 3,
    "urnPosteriors": [
      10.0,
      25.0,
      30.0,
      35.0
    ],
    "colourPosteriors": [
      5.0,
      20.0,
      30.0,
      45.0
    ],
    "responseTimeUrn": 17.0,
    "responseTimeColour": 25.0834961
  }
]