[
  {
    "participantID": "1",
    "instanceName": "BUPractice",
    "seqBall": 1,
    "urnPosteriors": [
      40.0,
      60.0
    ],
    "colourPosteriors": [
      30.0,
      70.0
    ],
    "responseTimeUrn": 16.4331055,
    "responseTimeColour": 25.1000977
  },
  {
    "participantID": "1",
    "instanceName": "BUPractice",
    "seqBall": 2,
    "urnPosteriors": [
      30.0,
      70.0
    ],
    "colourPosteriors": [
      65.0,
      35.0
    ],
    "responseTimeUrn": 12.56665,
    "responseTimeColour": 40.4001465
  },
  {
    "participantID": "1",
    "instanceName": "BUPractice",
    "seqBall": 3,
    "urnPosteriors": [
      25.0,
      75.0
    ],
    "colourPosteriors": [
      25.0,
      75.0
    ],
    "responseTimeUrn": 13.4831543,
    "responseTimeColour": 7.40014648
  }
]