[
  {
    "participantID": "1",
    "instanceName": "BU16",
    "seqBall": 1,
    "urnPosteriors": [
      70.0,
      5.0,
      10.0,
      15.0
    ],
    "colourPosteriors": [
      38.0,
      31.0,
      31.0
    ],
    "responseTimeUrn": 66.2001953,
    "responseTimeColour": 35.3334961
  },
  {
    "participantID": "1",
    "instanceName": "BU16",
    "seqBall": 2,
    "urnPosteriors": [
      5.0,
      10.0,
      70.0,
      15.0
    ],
    "colourPosteriors": [
      30.0,
      30.0,
      40.0
    ],
    "responseTimeUrn": 21.0166016,
    "responseTimeColour": 49.4165039
  },
  {
    "participantID": "1",
    "instanceName": "BU16",
    "seqBall": 3,
    "urnPosteriors": [
      4.0,
      9.0,
      71.0,
      16.0
    ],
    "colourPosteriors": [
      27.0,
      28.0,
      45.0
    ],
    "responseTimeUrn": 18.3334961,
    "responseTimeColour": 18.5498047
  }
]