[
  {
    "participantID": "1",
    "instanceName": "BU12",
    "seqBall": 1,
    "urnPosteriors": [
      48.0,
      38.0,
      14.0
    ],
    "colourPosteriors": [
      36.0,
      19.0,
      19.0,
      26.0
    ],
    "responseTimeUrn": 95.2001953,
    "responseTimeColour": 65.94971
  },
  {
    "participantID": "1",
    "instanceName": "BU12",
    "seqBall": 2,
    "urnPosteriors": [
      48.0,
      38.0,
      14.0
    ],
    "colourPosteriors": [
      39.0,
      18.0,
      18.0,
      25.0
    ],
    "responseTimeUrn": 3.23339844,
    "responseTimeColour": 14.4169922
  },
  {
    "participantID": "1",
    "instanceName": "BU12",
    "seqBall": 3,
    "urnPosteriors": [
      40.0,
      30.0,
      30.0
    ],
    "colourPosteriors": [
      28.0,
      25.0,
      20.0,
      27.0
    ],
    "responseTimeUrn": 53.4169922,
    "responseTimeColour": 44.4165039
  }
]