[
  {
    "participantID": "1",
    "instanceName": "BU13",
    "seqBall": 1,
    "urnPosteriors": [
      35.0,
      30.0,
      20.0,
      15.0
    ],
    "colourPosteriors": [
      55.0,
      45.0
    ],
    "responseTimeUrn": 58.0166,
    "responseTimeColour": 11.3833008
  },
  {
    "participantID": "1",
    "instanceName": "BU13",
    "seqBall": 2,
    "urnPosteriors": [
      15.0,
      20.0,
      30.0,
      35.0
    ],
    "colourPosteriors": [
      45.0,
      55.0
    ],
    "responseTimeUrn": 43.6333,
    "responseTimeColour": 12.9003906
  },
  {
    "participantID": "1",
    "instanceName": "BU13",
    "seqBall": 3,
    "urnPosteriors": [
      12.0,
      17.0,
      33.0,
      38.0
    ],
    "colourPosteriors": [
      42.0,
      58.0
    ],
    "responseTimeUrn": 33.3833,
    "responseTimeColour": 10.4667969
  }
]