[
  {
    "participantID": "87",
    "instanceName": "BU17",
    "seqBall": 1,
    "urnPosteriors": [
      23.0,
      23.0,
      27.0,
      27.0
    ],
    "colourPosteriors": [
      25.0,
      25.0,
      25.0,
      25.0
    ],
    "responseTimeUrn": 17.1159668,
    "responseTimeColour": 16.1660156
  },
  {
    "participantID": "87",
    "instanceName": "BU17",
    "seqBall": 2,
    "urnPosteriors": [
      27.0,
      27.0,
      23.0,
      23.0
    ],
    "colourPosteriors": [
      25.0,
      23.0,
      27.0,
      25.0
    ],
    "responseTimeUrn": 16.53247,
    "responseTimeColour": 21.0327148
  },
  {
    "participantID": "87",
    "instanceName": "BU17",
    "seqBall": 3,
    "urnPosteriors": [
      0.0,
      35.0,
      31.0,
      34.0
    ],
    "colourPosteriors": [
      27.0,
      25.0,
      28.0,
      20.0
    ],
    "responseTimeUrn": 29.3823242,
    "responseTimeColour": 62.78125
  }
]