[
  {
    "participantID": "21",
    "instanceName": "BU17",
    "seqBall": 1,
    "urnPosteriors": [
      10.0,
      20.0,
      30.0,
      40.0
    ],
    "colourPosteriors": [
      10.0,
      15.0,
      35.0,
      40.0
    ],
    "responseTimeUrn": 56.03369,
    "responseTimeColour": 103.4834
  },
  {
    "participantID": "21",
    "instanceName": "BU17",
    "seqBall": 2,
    "urnPosteriors": [
      20.0,
      30.0,
      20.0,
      30.0
    ],
    "colourPosteriors": [
      30.0,
      20.0,
      30.0,
      20.0
    ],
    "responseTimeUrn": 99.40039,
    "responseTimeColour": 111.6333
  },
  {
    "participantID": "21",
    "instanceName": "BU17",
    "seqBall": 3,
    "urnPosteriors": [
      10.0,
      30.0,
      20.0,
      40.0
    ],
    "colourPosteriors": [
      10.0,
      20.0,
      30.0,
      40.0
    ],
    "responseTimeUrn": 109.150391,
    "responseTimeColour": 46.699707
  }
]