[
  {
    "participantID": "21",
    "instanceName": "BU16",
    "seqBall": 1,
    "urnPosteriors": [
      55.0,
      10.0,
      15.0,
      20.0
    ],
    "colourPosteriors": [
      25.0,
      50.0,
      25.0
    ],
    "responseTimeUrn": 158.2002,
    "responseTimeColour": 90.08301
  },
  {
    "participantID": "21",
    "instanceName": "BU16",
    "seqBall": 2,
    "urnPosteriors": [
      25.0,
      10.0,
      30.0,
      35.0
    ],
    "colourPosteriors": [
      25.0,
      50.0,
      25.0
    ],
    "responseTimeUrn": 81.0,
    "responseTimeColour": 12.5673828
  },
  {
    "participantID": "21",
    "instanceName": "BU16",
    "seqBall": 3,
    "urnPosteriors": [
      10.0,
      20.0,
      40.0,
      30.0
    ],
    "colourPosteriors": [
      20.0,
      10.0,
      70.0
    ],
    "responseTimeUrn": 98.69922,
    "responseTimeColour": 32.65039
  }
]