[
  {
    "participantID": "21",
    "instanceName": "BU18",
    "seqBall": 1,
    "urnPosteriors": [
      10.0,
      20.0,
      30.0,
      40.0
    ],
    "colourPosteriors": [
      10.0,
      20.0,
      30.0,
      40.0
    ],
    "responseTimeUrn": 34.25,
    "responseTimeColour": 39.55078
  },
  {
    "participantID": "21",
    "instanceName": "BU18",
    "seqBall": 2,
    "urnPosteriors": [
      15.0,
      15.0,
      35.0,
      35.0
    ],
    "colourPosteriors": [
      15.0,
      15.0,
      35.0,
      35.0
    ],
    "responseTimeUrn": 50.1328125,
    "responseTimeColour": 22.9335938
  },
  {
    "participantID": "21",
    "instanceName": "BU18",
    "seqBall": 3,
    "urnPosteriors": [
      20.0,
      10.0,
      40.0,
      30.0
    ],
    "colourPosteriors": [
      20.0,
      10.0,
      40.0,
      30.0
    ],
    "responseTimeUrn": 43.9501953,
    "responseTimeColour": 16.21582
  }
]