[
  {
    "participantID": "21",
    "instanceName": "BU11",
    "seqBall": 1,
    "urnPosteriors": [
      29.0,
      29.0,
      42.0
    ],
    "colourPosteriors": [
      35.0,
      15.0,
      15.0,
      35.0
    ],
    "responseTimeUrn": 183.233887,
    "responseTimeColour": 257.3838
  },
  {
    "participantID": "21",
    "instanceName": "BU11",
    "seqBall": 2,
    "urnPosteriors": [
      12.0,
      38.0,
      50.0
    ],
    "colourPosteriors": [
      10.0,
      20.0,
      30.0,
      40.0
    ],
    "responseTimeUrn": 122.550293,
    "responseTimeColour": 134.0835
  },
  {
    "participantID": "21",
    "instanceName": "BU11",
    "seqBall": 3,
    "urnPosteriors": [
      10.0,
      24.0,
      66.0
    ],
    "colourPosteriors": [
      10.0,
      20.0,
      30.0,
      40.0
    ],
    "responseTimeUrn": 184.833984,
    "responseTimeColour": 30.1333
  }
]