[
  {
    "participantID": "51",
    "instanceName": "BU11",
    "seqBall": 1,
    "urnPosteriors": [
      33.0,
      33.0,
      34.0
    ],
    "colourPosteriors": [
      25.0,
      25.0,
      25.0,
      25.0
    ],
    "responseTimeUrn": 35.1000977,
    "responseTimeColour": 20.8994141
  },
  {
    "participantID": "51",
    "instanceName": "BU11",
    "seqBall": 2,
    "urnPosteriors": [
      20.0,
      35.0,
      45.0
    ],
    "colourPosteriors": [
      25.0,
      25.0,
      25.0,
      25.0
    ],
    "responseTimeUrn": 21.7038574,
    "responseTimeColour": 3.23339844
  },
  {
    "participantID": "51",
    "instanceName": "BU11",
    "seqBall": 3,
    "urnPosteriors": [
      20.0,
      35.0,
      45.0
    ],
    "colourPosteriors": [
      20.0,
      25.0,
      25.0,
      30.0
    ],
    "responseTimeUrn": 2.0168457,
    "responseTimeColour": 6.68310547
  }
]