[
  {
    "participantID": "51",
    "instanceName": "BU3",
    "seqBall": 1,
    "urnPosteriors": [
      66.0,
      34.0
    ],
    "colourPosteriors": [
      45.0,
      15.0,
      40.0
    ],
    "responseTimeUrn": 19.8000488,
    "responseTimeColour": 39.30005
  },
  {
    "participantID": "51",
    "instanceName": "BU3",
    "seqBall": 2,
    "urnPosteriors": [
      60.0,
      40.0
    ],
    "colourPosteriors": [
      47.0,
      14.0,
      39.0
    ],
    "responseTimeUrn": 22.0834961,
    "responseTimeColour": 18.25
  },
  {
    "participantID": "51",
    "instanceName": "BU3",
    "seqBall": 3,
    "urnPosteriors": [
      65.0,
      35.0
    ],
    "colourPosteriors": [
      50.0,
      20.0,
      30.0
    ],
    "responseTimeUrn": 6.51660156,
    "responseTimeColour": 19.2502441
  }
]