[
  {
    "participantID": "51",
    "instanceName": "BU17",
    "seqBall": 1,
    "urnPosteriors": [
      10.0,
      20.0,
      30.0,
      40.0
    ],
    "colourPosteriors": [
      15.0,
      25.0,
      25.0,
      35.0
    ],
    "responseTimeUrn": 28.56665,
    "responseTimeColour": 57.6835938
  },
  {
    "participantID": "51",
    "instanceName": "BU17",
    "seqBall": 2,
    "urnPosteriors": [
      10.0,
      35.0,
      20.0,
      35.0
    ],
    "colourPosteriors": [
      20.0,
      30.0,
      20.0,
      30.0
    ],
    "responseTimeUrn": 65.4834,
    "responseTimeColour": 47.0168457
  },
  {
    "participantID": "51",
    "instanceName": "BU17",
    "seqBall": 3,
    "urnPosteriors": [
      5.0,
      20.0,
      30.0,
      45.0
    ],
    "colourPosteriors": [
      20.0,
      20.0,
      25.0,
      35.0
    ],
    "responseTimeUrn": 31.6335449,
    "responseTimeColour": 46.5166
  }
]