[
  {
    "participantID": "51",
    "instanceName": "BUPractice",
    "seqBall": 1,
    "urnPosteriors": [
      40.0,
      60.0
    ],
    "colourPosteriors": [
      40.0,
      60.0
    ],
    "responseTimeUrn": 16.8833,
    "responseTimeColour": 16.666748
  },
  {
    "participantID": "51",
    "instanceName": "BUPractice",
    "seqBall": 2,
    "urnPosteriors": [
      40.0,
      60.0
    ],
    "colourPosteriors": [
      40.0,
      60.0
    ],
    "responseTimeUrn": 5.03344727,
    "responseTimeColour": 7.46655273
  },
  {
    "participantID": "51",
    "instanceName": "BUPractice",
    "seqBall": 3,
    "urnPosteriors": [
      40.0,
      60.0
    ],
    "colourPosteriors": [
      40.0,
      60.0
    ],
    "responseTimeUrn": 4.550049,
    "responseTimeColour": 3.88342285
  }
]