[
  {
    "participantID": "51",
    "instanceName": "BU1",
    "seqBall": 1,
    "urnPosteriors": [
      40.0,
      60.0
    ],
    "colourPosteriors": [
      47.0,
      53.0
    ],
    "responseTimeUrn": 15.3999023,
    "responseTimeColour": 8.016602
  },
  {
    "participantID": "51",
    "instanceName": "BU1",
    "seqBall": 2,
    "urnPosteriors": [
      50.0,
      50.0
    ],
    "colourPosteriors": [
      50.0,
      50.0
    ],
    "responseTimeUrn": 9.949707,
    "responseTimeColour": 7.800049
  },
  {
    "participantID": "51",
    "instanceName": "BU1",
    "seqBall": 3,
    "urnPosteriors": [
      35.0,
      65.0
    ],
    "colourPosteriors": [
      30.0,
      70.0
    ],
    "responseTimeUrn": 26.5002441,
    "responseTimeColour": 20.1499023
  }
]