[
  {
    "participantID": "51",
    "instanceName": "BU18",
    "seqBall": 1,
    "urnPosteriors": [
      10.0,
      25.0,
      30.0,
      35.0
    ],
    "colourPosteriors": [
      20.0,
      20.0,
      30.0,
      30.0
    ],
    "responseTimeUrn": 51.94995,
    "responseTimeColour": 43.81665
  },
  {
    "participantID": "51",
    "instanceName": "BU18",
    "seqBall": 2,
    "urnPosteriors": [
      10.0,
      20.0,
      35.0,
      35.0
    ],
    "colourPosteriors": [
      20.0,
      20.0,
      30.0,
      30.0
    ],
    "responseTimeUrn": 21.666748,
    "responseTimeColour": 12.6333008
  },
  {
    "participantID": "51",
    "instanceName": "BU18",
    "seqBall": 3,
    "urnPosteriors": [
      10.0,
      15.0,
      40.0,
      35.0
    ],
    "colourPosteriors": [
      19.0,
      21.0,
      29.0,
      31.0
    ],
    "responseTimeUrn": 10.333252,
    "responseTimeColour": 30.1000977
  }
]