[
  {
    "participantID": "5",
    "instanceName": "BU7",
    "seqBall": 1,
    "urnPosteriors": [
      10.0,
      30.0,
      60.0
    ],
    "colourPosteriors": [
      45.0,
      55.0
    ],
    "responseTimeUrn": 33.6669922,
    "responseTimeColour": 10.8828125
  },
  {
    "participantID": "5",
    "instanceName": "BU7",
    "seqBall": 2,
    "urnPosteriors": [
      5.0,
      35.0,
      60.0
    ],
    "colourPosteriors": [
      45.0,
      55.0
    ],
    "responseTimeUrn": 12.4492188,
    "responseTimeColour": 3.58398438
  },
  {
    "participantID": "5",
    "instanceName": "BU7",
    "seqBall": 3,
    "urnPosteriors": [
      15.0,
      45.0,
      40.0
    ],
    "colourPosteriors": [
      45.0,
      55.0
    ],
    "responseTimeUrn": 44.38379,
    "responseTimeColour": 5.16601563
  }
]