[
  {
    "participantID": "5",
    "instanceName": "BU11",
    "seqBall": 1,
    "urnPosteriors": [
      25.0,
      25.0,
      50.0
    ],
    "colourPosteriors": [
      10.0,
      20.0,
      30.0,
      40.0
    ],
    "responseTimeUrn": 32.0,
    "responseTimeColour": 62.0332031
  },
  {
    "participantID": "5",
    "instanceName": "BU11",
    "seqBall": 2,
    "urnPosteriors": [
      5.0,
      35.0,
      60.0
    ],
    "colourPosteriors": [
      5.0,
      15.0,
      36.0,
      44.0
    ],
    "responseTimeUrn": 14.4169922,
    "responseTimeColour": 21.0664063
  },
  {
    "participantID": "5",
    "instanceName": "BU11",
    "seqBall": 3,
    "urnPosteriors": [
      5.0,
      35.0,
      60.0
    ],
    "colourPosteriors": [
      5.0,
      15.0,
      38.0,
      42.0
    ],
    "responseTimeUrn": 4.283203,
    "responseTimeColour": 7.033203
  }
]