[
  {
    "participantID": "5",
    "instanceName": "BU16",
    "seqBall": 1,
    "urnPosteriors": [
      54.0,
      7.0,
      15.0,
      24.0
    ],
    "colourPosteriors": [
      63.0,
      27.0,
      10.0
    ],
    "responseTimeUrn": 347.2002,
    "responseTimeColour": 105.500488
  },
  {
    "participantID": "5",
    "instanceName": "BU16",
    "seqBall": 2,
    "urnPosteriors": [
      22.0,
      8.0,
      22.0,
      48.0
    ],
    "colourPosteriors": [
      33.0,
      34.0,
      33.0
    ],
    "responseTimeUrn": 200.5166,
    "responseTimeColour": 55.2167969
  },
  {
    "participantID": "5",
    "instanceName": "BU16",
    "seqBall": 3,
    "urnPosteriors": [
      5.0,
      2.0,
      63.0,
      30.0
    ],
    "colourPosteriors": [
      30.0,
      20.0,
      50.0
    ],
    "responseTimeUrn": 52.1499023,
    "responseTimeColour": 47.75
  }
]