[
  {
    "participantID": "5",
    "instanceName": "BU17",
    "seqBall": 1,
    "urnPosteriors": [
      25.0,
      25.0,
      25.0,
      25.0
    ],
    "colourPosteriors": [
      15.0,
      20.0,
      30.0,
      35.0
    ],
    "responseTimeUrn": 23.5166016,
    "responseTimeColour": 58.6499023
  },
  {
    "participantID": "5",
    "instanceName": "BU17",
    "seqBall": 2,
    "urnPosteriors": [
      30.0,
      45.0,
      10.0,
      15.0
    ],
    "colourPosteriors": [
      5.0,
      15.0,
      35.0,
      45.0
    ],
    "responseTimeUrn": 33.2167969,
    "responseTimeColour": 43.0498047
  },
  {
    "participantID": "5",
    "instanceName": "BU17",
    "seqBall": 3,
    "urnPosteriors": [
      10.0,
      20.0,
      30.0,
      40.0
    ],
    "colourPosteriors": [
      8.0,
      12.0,
      35.0,
      45.0
    ],
    "responseTimeUrn": 25.4331055,
    "responseTimeColour": 17.6669922
  }
]