[
  {
    "participantID": "5",
    "instanceName": "BU13",
    "seqBall": 1,
    "urnPosteriors": [
      35.0,
      30.0,
      20.0,
      15.0
    ],
    "colourPosteriors": [
      55.0,
      45.0
    ],
    "responseTimeUrn": 59.3833,
    "responseTimeColour": 21.7001953
  },
  {
    "participantID": "5",
    "instanceName": "BU13",
    "seqBall": 2,
    "urnPosteriors": [
      25.0,
      35.0,
      22.0,
      18.0
    ],
    "colourPosteriors": [
      55.0,
      45.0
    ],
    "responseTimeUrn": 26.5166016,
    "responseTimeColour": 17.4335938
  },
  {
    "participantID": "5",
    "instanceName": "BU13",
    "seqBall": 3,
    "urnPosteriors": [
      15.0,
      23.0,
      27.0,
      35.0
    ],
    "colourPosteriors": [
      45.0,
      55.0
    ],
    "responseTimeUrn": 63.3168945,
    "responseTimeColour": 9.383301
  }
]