[
  {
    "participantID": "5",
    "instanceName": "BU5",
    "seqBall": 1,
    "urnPosteriors": [
      45.0,
      55.0
    ],
    "colourPosteriors": [
      20.0,
      33.0,
      27.0,
      20.0
    ],
    "responseTimeUrn": 13.550293,
    "responseTimeColour": 46.8330078
  },
  {
    "participantID": "5",
    "instanceName": "BU5",
    "seqBall": 2,
    "urnPosteriors": [
      20.0,
      80.0
    ],
    "colourPosteriors": [
      8.0,
      22.0,
      32.0,
      38.0
    ],
    "responseTimeUrn": 16.5834961,
    "responseTimeColour": 45.71631
  },
  {
    "participantID": "5",
    "instanceName": "BU5",
    "seqBall": 3,
    "urnPosteriors": [
      10.0,
      90.0
    ],
    "colourPosteriors": [
      10.0,
      25.0,
      40.0,
      25.0
    ],
    "responseTimeUrn": 7.533203,
    "responseTimeColour": 35.5
  }
]