[
  {
    "participantID": "55",
    "instanceName": "BU3",
    "seqBall": 1,
    "urnPosteriors": [
      67.0,
      33.0
    ],
    "colourPosteriors": [
      63.0,
      7.0,
      30.0
    ],
    "responseTimeUrn": 107.18335,
    "responseTimeColour": 242.650635
  },
  {
    "participantID": "55",
    "instanceName": "BU3",
    "seqBall": 2,
    "urnPosteriors": [
      72.0,
      28.0
    ],
    "colourPosteriors": [
      65.0,
      10.0,
      25.0
    ],
    "responseTimeUrn": 17.7001953,
    "responseTimeColour": 57.4169922
  },
  {
    "participantID": "55",
    "instanceName": "BU3",
    "seqBall": 3,
    "urnPosteriors": [
      75.0,
      25.0
    ],
    "colourPosteriors": [
      62.0,
      14.0,
      24.0
    ],
    "responseTimeUrn": 19.1333,
    "responseTimeColour": 24.7001953
  }
]