[
  {
    "participantID": "55",
    "instanceName": "BU7",
    "seqBall": 1,
    "urnPosteriors": [
      20.0,
      33.0,
      47.0
    ],
    "colourPosteriors": [
      33.0,
      67.0
    ],
    "responseTimeUrn": 213.133545,
    "responseTimeColour": 69.2502441
  },
  {
    "participantID": "55",
    "instanceName": "BU7",
    "seqBall": 2,
    "urnPosteriors": [
      19.0,
      31.0,
      50.0
    ],
    "colourPosteriors": [
      38.0,
      62.0
    ],
    "responseTimeUrn": 257.5337,
    "responseTimeColour": 188.650391
  },
  {
    "participantID": "55",
    "instanceName": "BU7",
    "seqBall": 3,
    "urnPosteriors": [
      25.0,
      35.0,
      40.0
    ],
    "colourPosteriors": [
      65.0,
      35.0
    ],
    "responseTimeUrn": 79.2334,
    "responseTimeColour": 265.183838
  }
]