[
  {
    "participantID": "56",
    "instanceName": "BU18",
    "seqBall": 1,
    "urnPosteriors": [
      25.0,
      25.0,
      25.0,
      25.0
    ],
    "colourPosteriors": [
      25.0,
      25.0,
      25.0,
      25.0
    ],
    "responseTimeUrn": 14.8330078,
    "responseTimeColour": 15.9833984
  },
  {
    "participantID": "56",
    "instanceName": "BU18",
    "seqBall": 2,
    "urnPosteriors": [
      25.0,
      25.0,
      25.0,
      25.0
    ],
    "colourPosteriors": [
      25.0,
      25.0,
      25.0,
      25.0
    ],
    "responseTimeUrn": 1.25,
    "responseTimeColour": 0.8334961
  },
  {
    "participantID": "56",
    "instanceName": "BU18",
    "seqBall": 3,
    "urnPosteriors": [
      25.0,
      25.0,
      25.0,
      25.0
    ],
    "colourPosteriors": [
      25.0,
      25.0,
      25.0,
      25.0
    ],
    "responseTimeUrn": 1.21679688,
    "responseTimeColour": 1.0
  }
]