[
  {
    "participantID": "56",
    "instanceName": "BU16",
    "seqBall": 1,
    "urnPosteriors": [
      70.0,
      5.0,
      10.0,
      15.0
    ],
    "colourPosteriors": [
      45.0,
      30.0,
      25.0
    ],
    "responseTimeUrn": 437.5171,
    "responseTimeColour": 135.6001
  },
  {
    "participantID": "56",
    "instanceName": "BU16",
    "seqBall": 2,
    "urnPosteriors": [
      55.0,
      10.0,
      15.0,
      20.0
    ],
    "colourPosteriors": [
      40.0,
      32.0,
      28.0
    ],
    "responseTimeUrn": 55.4501953,
    "responseTimeColour": 103.833496
  },
  {
    "participantID": "56",
    "instanceName": "BU16",
    "seqBall": 3,
    "urnPosteriors": [
      0.0,
      14.0,
      61.0,
      25.0
    ],
    "colourPosteriors": [
      40.0,
      32.0,
      28.0
    ],
    "responseTimeUrn": 165.1836,
    "responseTimeColour": 69.5
  }
]