[
  {
    "participantID": "53",
    "instanceName": "BU7",
    "seqBall": 1,
    "urnPosteriors": [
      20.0,
      33.0,
      47.0
    ],
    "colourPosteriors": [
      48.0,
      52.0
    ],
    "responseTimeUrn": 229.766968,
    "responseTimeColour": 71.18335
  },
  {
    "participantID": "53",
    "instanceName": "BU7",
    "seqBall": 2,
    "urnPosteriors": [
      11.0,
      33.0,
      56.0
    ],
    "colourPosteriors": [
      40.0,
      60.0
    ],
    "responseTimeUrn": 53.6167,
    "responseTimeColour": 17.3498535
  },
  {
    "participantID": "53",
    "instanceName": "BU7",
    "seqBall": 3,
    "urnPosteriors": [
      20.0,
      33.0,
      47.0
    ],
    "colourPosteriors": [
      46.0,
      54.0
    ],
    "responseTimeUrn": 121.2832,
    "responseTimeColour": 7.2668457
  }
]