[
  {
    "participantID": "53",
    "instanceName": "BU3",
    "seqBall": 1,
    "urnPosteriors": [
      67.0,
      33.0
    ],
    "colourPosteriors": [
      42.0,
      21.0,
      37.0
    ],
    "responseTimeUrn": 64.6333,
    "responseTimeColour": 121.700195
  },
  {
    "participantID": "53",
    "instanceName": "BU3",
    "seqBall": 2,
    "urnPosteriors": [
      80.0,
      20.0
    ],
    "colourPosteriors": [
      45.0,
      19.0,
      36.0
    ],
    "responseTimeUrn": 29.833252,
    "responseTimeColour": 21.8835449
  },
  {
    "participantID": "53",
    "instanceName": "BU3",
    "seqBall": 3,
    "urnPosteriors": [
      85.0,
      15.0
    ],
    "colourPosteriors": [
      48.0,
      17.0,
      35.0
    ],
    "responseTimeUrn": 14.7497559,
    "responseTimeColour": 39.06665
  }
]