[
  {
    "participantID": "53",
    "instanceName": "BU12",
    "seqBall": 1,
    "urnPosteriors": [
      12.0,
      38.0,
      50.0
    ],
    "colourPosteriors": [
      29.0,
      24.0,
      24.0,
      23.0
    ],
    "responseTimeUrn": 149.3999,
    "responseTimeColour": 12.9501953
  },
  {
    "participantID": "53",
    "instanceName": "BU12",
    "seqBall": 2,
    "urnPosteriors": [
      55.0,
      40.0,
      5.0
    ],
    "colourPosteriors": [
      32.0,
      23.0,
      23.0,
      22.0
    ],
    "responseTimeUrn": 82.6001,
    "responseTimeColour": 11.1665039
  },
  {
    "participantID": "53",
    "instanceName": "BU12",
    "seqBall": 3,
    "urnPosteriors": [
      60.0,
      30.0,
      10.0
    ],
    "colourPosteriors": [
      30.0,
      26.0,
      22.0,
      22.0
    ],
    "responseTimeUrn": 43.5,
    "responseTimeColour": 15.0830078
  }
]