[
  {
    "participantID": "53",
    "instanceName": "BU11",
    "seqBall": 1,
    "urnPosteriors": [
      30.0,
      30.0,
      40.0
    ],
    "colourPosteriors": [
      24.0,
      24.0,
      29.0,
      23.0
    ],
    "responseTimeUrn": 42.6333,
    "responseTimeColour": 18.9165039
  },
  {
    "participantID": "53",
    "instanceName": "BU11",
    "seqBall": 2,
    "urnPosteriors": [
      20.0,
      35.0,
      45.0
    ],
    "colourPosteriors": [
      23.0,
      23.0,
      28.0,
      26.0
    ],
    "responseTimeUrn": 74.15039,
    "responseTimeColour": 9.883301
  },
  {
    "participantID": "53",
    "instanceName": "BU11",
    "seqBall": 3,
    "urnPosteriors": [
      5.0,
      40.0,
      55.0
    ],
    "colourPosteriors": [
      22.0,
      22.0,
      26.0,
      30.0
    ],
    "responseTimeUrn": 19.7163086,
    "responseTimeColour": 10.5
  }
]