[
  {
    "participantID": "53",
    "instanceName": "BU17",
    "seqBall": 1,
    "urnPosteriors": [
      10.0,
      20.0,
      30.0,
      40.0
    ],
    "colourPosteriors": [
      23.0,
      24.0,
      24.0,
      29.0
    ],
    "responseTimeUrn": 19.4331055,
    "responseTimeColour": 62.800293
  },
  {
    "participantID": "53",
    "instanceName": "BU17",
    "seqBall": 2,
    "urnPosteriors": [
      20.0,
      30.0,
      20.0,
      30.0
    ],
    "colourPosteriors": [
      22.0,
      28.0,
      23.0,
      27.0
    ],
    "responseTimeUrn": 148.1333,
    "responseTimeColour": 30.8999023
  },
  {
    "participantID": "53",
    "instanceName": "BU17",
    "seqBall": 3,
    "urnPosteriors": [
      7.0,
      25.0,
      18.0,
      50.0
    ],
    "colourPosteriors": [
      22.0,
      26.0,
      22.0,
      30.0
    ],
    "responseTimeUrn": 121.9668,
    "responseTimeColour": 42.0166
  }
]