[
  {
    "participantID": "58",
    "instanceName": "BU11",
    "seqBall": 1,
    "urnPosteriors": [
      28.0,
      28.0,
      44.0
    ],
    "colourPosteriors": [
      29.0,
      21.0,
      21.0,
      29.0
    ],
    "responseTimeUrn": 123.2168,
    "responseTimeColour": 72.00049
  },
  {
    "participantID": "58",
    "instanceName": "BU11",
    "seqBall": 2,
    "urnPosteriors": [
      15.0,
      35.0,
      50.0
    ],
    "colourPosteriors": [
      29.0,
      21.0,
      21.0,
      29.0
    ],
    "responseTimeUrn": 62.24951,
    "responseTimeColour": 19.1000977
  },
  {
    "participantID": "58",
    "instanceName": "BU11",
    "seqBall": 3,
    "urnPosteriors": [
      15.0,
      35.0,
      50.0
    ],
    "colourPosteriors": [
      28.0,
      22.0,
      22.0,
      28.0
    ],
    "responseTimeUrn": 29.1000977,
    "responseTimeColour": 43.2167969
  }
]