[
  {
    "participantID": "59",
    "instanceName": "BU15",
    "seqBall": 1,
    "urnPosteriors": [
      13.0,
      50.0,
      7.0,
      30.0
    ],
    "colourPosteriors": [
      30.0,
      40.0,
      30.0
    ],
    "responseTimeUrn": 79.38379,
    "responseTimeColour": 19.9165039
  },
  {
    "participantID": "59",
    "instanceName": "BU15",
    "seqBall": 2,
    "urnPosteriors": [
      52.0,
      7.0,
      14.0,
      27.0
    ],
    "colourPosteriors": [
      34.0,
      40.0,
      26.0
    ],
    "responseTimeUrn": 67.24951,
    "responseTimeColour": 11.1166992
  },
  {
    "participantID": "59",
    "instanceName": "BU15",
    "seqBall": 3,
    "urnPosteriors": [
      7.0,
      13.0,
      52.0,
      28.0
    ],
    "colourPosteriors": [
      33.0,
      34.0,
      33.0
    ],
    "responseTimeUrn": 39.5332031,
    "responseTimeColour": 15.0668945
  }
]