[
  {
    "participantID": "59",
    "instanceName": "BU12",
    "seqBall": 1,
    "urnPosteriors": [
      50.0,
      38.0,
      12.0
    ],
    "colourPosteriors": [
      27.0,
      23.0,
      23.0,
      27.0
    ],
    "responseTimeUrn": 105.6001,
    "responseTimeColour": 147.8833
  },
  {
    "participantID": "59",
    "instanceName": "BU12",
    "seqBall": 2,
    "urnPosteriors": [
      56.0,
      35.0,
      9.0
    ],
    "colourPosteriors": [
      33.0,
      21.0,
      21.0,
      25.0
    ],
    "responseTimeUrn": 15.800293,
    "responseTimeColour": 38.9331055
  },
  {
    "participantID": "59",
    "instanceName": "BU12",
    "seqBall": 3,
    "urnPosteriors": [
      54.0,
      35.0,
      11.0
    ],
    "colourPosteriors": [
      30.0,
      26.0,
      20.0,
      24.0
    ],
    "responseTimeUrn": 28.76709,
    "responseTimeColour": 42.5498047
  }
]