[
  {
    "participantID": "59",
    "instanceName": "BU7",
    "seqBall": 1,
    "urnPosteriors": [
      20.0,
      33.0,
      47.0
    ],
    "colourPosteriors": [
      48.0,
      52.0
    ],
    "responseTimeUrn": 56.2832031,
    "responseTimeColour": 10.9667969
  },
  {
    "participantID": "59",
    "instanceName": "BU7",
    "seqBall": 2,
    "urnPosteriors": [
      16.0,
      33.0,
      51.0
    ],
    "colourPosteriors": [
      46.0,
      54.0
    ],
    "responseTimeUrn": 18.3505859,
    "responseTimeColour": 7.366211
  },
  {
    "participantID": "59",
    "instanceName": "BU7",
    "seqBall": 3,
    "urnPosteriors": [
      26.0,
      28.0,
      46.0
    ],
    "colourPosteriors": [
      52.0,
      48.0
    ],
    "responseTimeUrn": 50.3334961,
    "responseTimeColour": 16.1167
  }
]