[
  {
    "participantID": "59",
    "instanceName": "BU11",
    "seqBall": 1,
    "urnPosteriors": [
      30.0,
      30.0,
      40.0
    ],
    "colourPosteriors": [
      25.0,
      23.0,
      27.0,
      25.0
    ],
    "responseTimeUrn": 75.1499,
    "responseTimeColour": 30.8168945
  },
  {
    "participantID": "59",
    "instanceName": "BU11",
    "seqBall": 2,
    "urnPosteriors": [
      20.0,
      35.0,
      45.0
    ],
    "colourPosteriors": [
      24.0,
      22.0,
      26.0,
      28.0
    ],
    "responseTimeUrn": 23.2333984,
    "responseTimeColour": 11.5166016
  },
  {
    "participantID": "59",
    "instanceName": "BU11",
    "seqBall": 3,
    "urnPosteriors": [
      12.0,
      39.0,
      49.0
    ],
    "colourPosteriors": [
      22.0,
      22.0,
      26.0,
      30.0
    ],
    "responseTimeUrn": 15.6162109,
    "responseTimeColour": 68.9834
  }
]