[
  {
    "participantID": "59",
    "instanceName": "BU18",
    "seqBall": 1,
    "urnPosteriors": [
      10.0,
      20.0,
      30.0,
      40.0
    ],
    "colourPosteriors": [
      24.0,
      24.0,
      24.0,
      28.0
    ],
    "responseTimeUrn": 48.4335938,
    "responseTimeColour": 75.7832
  },
  {
    "participantID": "59",
    "instanceName": "BU18",
    "seqBall": 2,
    "urnPosteriors": [
      20.0,
      10.0,
      40.0,
      30.0
    ],
    "colourPosteriors": [
      24.0,
      24.0,
      28.0,
      24.0
    ],
    "responseTimeUrn": 50.53369,
    "responseTimeColour": 15.5
  },
  {
    "participantID": "59",
    "instanceName": "BU18",
    "seqBall": 3,
    "urnPosteriors": [
      15.0,
      5.0,
      45.0,
      35.0
    ],
    "colourPosteriors": [
      23.0,
      23.0,
      31.0,
      23.0
    ],
    "responseTimeUrn": 21.8999023,
    "responseTimeColour": 16.2832031
  }
]