[
  {
    "participantID": "72",
    "instanceName": "BU11",
    "seqBall": 1,
    "urnPosteriors": [
      22.0,
      22.0,
      56.0
    ],
    "colourPosteriors": [
      26.0,
      21.0,
      28.0,
      25.0
    ],
    "responseTimeUrn": 142.783447,
    "responseTimeColour": 114.116943
  },
  {
    "participantID": "72",
    "instanceName": "BU11",
    "seqBall": 2,
    "urnPosteriors": [
      15.0,
      26.0,
      59.0
    ],
    "colourPosteriors": [
      18.0,
      21.0,
      29.0,
      32.0
    ],
    "responseTimeUrn": 61.4169922,
    "responseTimeColour": 95.81641
  },
  {
    "participantID": "72",
    "instanceName": "BU11",
    "seqBall": 3,
    "urnPosteriors": [
      9.0,
      33.0,
      58.0
    ],
    "colourPosteriors": [
      16.0,
      19.0,
      30.0,
      35.0
    ],
    "responseTimeUrn": 44.8334961,
    "responseTimeColour": 17.9667969
  }
]