[
  {
    "participantID": "72",
    "instanceName": "BU12",
    "seqBall": 1,
    "urnPosteriors": [
      50.0,
      28.0,
      22.0
    ],
    "colourPosteriors": [
      35.0,
      24.0,
      21.0,
      20.0
    ],
    "responseTimeUrn": 46.3334961,
    "responseTimeColour": 152.783691
  },
  {
    "participantID": "72",
    "instanceName": "BU12",
    "seqBall": 2,
    "urnPosteriors": [
      55.0,
      33.0,
      12.0
    ],
    "colourPosteriors": [
      37.0,
      26.0,
      19.0,
      18.0
    ],
    "responseTimeUrn": 168.2334,
    "responseTimeColour": 24.9833984
  },
  {
    "participantID": "72",
    "instanceName": "BU12",
    "seqBall": 3,
    "urnPosteriors": [
      60.0,
      30.0,
      10.0
    ],
    "colourPosteriors": [
      38.0,
      28.0,
      17.0,
      17.0
    ],
    "responseTimeUrn": 12.1333008,
    "responseTimeColour": 26.5166016
  }
]