[
  {
    "participantID": "72",
    "instanceName": "BU18",
    "seqBall": 1,
    "urnPosteriors": [
      10.0,
      20.0,
      30.0,
      40.0
    ],
    "colourPosteriors": [
      20.0,
      19.0,
      28.0,
      33.0
    ],
    "responseTimeUrn": 19.083252,
    "responseTimeColour": 124.100342
  },
  {
    "participantID": "72",
    "instanceName": "BU18",
    "seqBall": 2,
    "urnPosteriors": [
      11.0,
      19.0,
      39.0,
      31.0
    ],
    "colourPosteriors": [
      19.0,
      19.0,
      31.0,
      31.0
    ],
    "responseTimeUrn": 41.3667,
    "responseTimeColour": 62.7334
  },
  {
    "participantID": "72",
    "instanceName": "BU18",
    "seqBall": 3,
    "urnPosteriors": [
      10.0,
      18.0,
      45.0,
      27.0
    ],
    "colourPosteriors": [
      17.0,
      20.0,
      33.0,
      30.0
    ],
    "responseTimeUrn": 32.80005,
    "responseTimeColour": 33.2668457
  }
]