[
  {
    "participantID": "72",
    "instanceName": "BU17",
    "seqBall": 1,
    "urnPosteriors": [
      10.0,
      20.0,
      30.0,
      40.0
    ],
    "colourPosteriors": [
      16.0,
      20.0,
      30.0,
      34.0
    ],
    "responseTimeUrn": 17.1665039,
    "responseTimeColour": 131.983887
  },
  {
    "participantID": "72",
    "instanceName": "BU17",
    "seqBall": 2,
    "urnPosteriors": [
      20.0,
      35.0,
      20.0,
      25.0
    ],
    "colourPosteriors": [
      16.0,
      25.0,
      30.0,
      29.0
    ],
    "responseTimeUrn": 60.5664063,
    "responseTimeColour": 14.3500977
  },
  {
    "participantID": "72",
    "instanceName": "BU17",
    "seqBall": 3,
    "urnPosteriors": [
      18.0,
      28.0,
      22.0,
      32.0
    ],
    "colourPosteriors": [
      15.0,
      22.0,
      30.0,
      33.0
    ],
    "responseTimeUrn": 29.9501953,
    "responseTimeColour": 20.8999023
  }
]