[
  {
    "participantID": "81",
    "instanceName": "BU17",
    "seqBall": 1,
    "urnPosteriors": [
      10.0,
      20.0,
      30.0,
      40.0
    ],
    "colourPosteriors": [
      30.0,
      22.0,
      28.0,
      20.0
    ],
    "responseTimeUrn": 27.8334961,
    "responseTimeColour": 86.6499
  },
  {
    "participantID": "81",
    "instanceName": "BU17",
    "seqBall": 2,
    "urnPosteriors": [
      14.0,
      36.0,
      14.0,
      36.0
    ],
    "colourPosteriors": [
      45.0,
      15.0,
      23.0,
      17.0
    ],
    "responseTimeUrn": 199.5498,
    "responseTimeColour": 179.867188
  },
  {
    "participantID": "81",
    "instanceName": "BU17",
    "seqBall": 3,
    "urnPosteriors": [
      0.0,
      21.0,
      16.0,
      63.0
    ],
    "colourPosteriors": [
      16.0,
      13.0,
      27.0,
      44.0
    ],
    "responseTimeUrn": 165.5166,
    "responseTimeColour": 139.8667
  }
]