[
  {
    "participantID": "81",
    "instanceName": "BU16",
    "seqBall": 1,
    "urnPosteriors": [
      54.0,
      8.0,
      14.0,
      24.0
    ],
    "colourPosteriors": [
      50.0,
      27.0,
      23.0
    ],
    "responseTimeUrn": 127.799805,
    "responseTimeColour": 155.25
  },
  {
    "participantID": "81",
    "instanceName": "BU16",
    "seqBall": 2,
    "urnPosteriors": [
      22.0,
      6.0,
      44.0,
      28.0
    ],
    "colourPosteriors": [
      23.0,
      44.0,
      33.0
    ],
    "responseTimeUrn": 198.783691,
    "responseTimeColour": 152.0835
  },
  {
    "participantID": "81",
    "instanceName": "BU16",
    "seqBall": 3,
    "urnPosteriors": [
      0.0,
      2.0,
      80.0,
      18.0
    ],
    "colourPosteriors": [
      12.0,
      9.0,
      79.0
    ],
    "responseTimeUrn": 260.9165,
    "responseTimeColour": 101.0
  }
]