[
  {
    "participantID": "61",
    "instanceName": "BU17",
    "seqBall": 1,
    "urnPosteriors": [
      9.0,
      18.0,
      29.0,
      44.0
    ],
    "colourPosteriors": [
      22.0,
      25.0,
      26.0,
      27.0
    ],
    "responseTimeUrn": 63.8667,
    "responseTimeColour": 78.0834961
  },
  {
    "participantID": "61",
    "instanceName": "BU17",
    "seqBall": 2,
    "urnPosteriors": [
      9.0,
      52.0,
      6.0,
      33.0
    ],
    "colourPosteriors": [
      22.0,
      23.0,
      27.0,
      28.0
    ],
    "responseTimeUrn": 121.950195,
    "responseTimeColour": 78.6665039
  },
  {
    "participantID": "61",
    "instanceName": "BU17",
    "seqBall": 3,
    "urnPosteriors": [
      0.0,
      10.0,
      11.0,
      79.0
    ],
    "colourPosteriors": [
      20.0,
      23.0,
      26.0,
      31.0
    ],
    "responseTimeUrn": 126.3501,
    "responseTimeColour": 100.050293
  }
]