[
  {
    "participantID": "61",
    "instanceName": "BU18",
    "seqBall": 1,
    "urnPosteriors": [
      10.0,
      20.0,
      30.0,
      40.0
    ],
    "colourPosteriors": [
      22.0,
      24.0,
      26.0,
      28.0
    ],
    "responseTimeUrn": 75.3667,
    "responseTimeColour": 71.33325
  },
  {
    "participantID": "61",
    "instanceName": "BU18",
    "seqBall": 2,
    "urnPosteriors": [
      8.0,
      9.0,
      41.0,
      42.0
    ],
    "colourPosteriors": [
      20.0,
      26.0,
      24.0,
      30.0
    ],
    "responseTimeUrn": 100.3667,
    "responseTimeColour": 53.30005
  },
  {
    "participantID": "61",
    "instanceName": "BU18",
    "seqBall": 3,
    "urnPosteriors": [
      4.0,
      0.0,
      65.0,
      31.0
    ],
    "colourPosteriors": [
      20.0,
      26.0,
      22.0,
      32.0
    ],
    "responseTimeUrn": 98.68359,
    "responseTimeColour": 38.5498047
  }
]