[
  {
    "participantID": "61",
    "instanceName": "BU12",
    "seqBall": 1,
    "urnPosteriors": [
      54.0,
      38.0,
      8.0
    ],
    "colourPosteriors": [
      29.0,
      22.0,
      21.0,
      28.0
    ],
    "responseTimeUrn": 95.51709,
    "responseTimeColour": 47.75
  },
  {
    "participantID": "61",
    "instanceName": "BU12",
    "seqBall": 2,
    "urnPosteriors": [
      66.0,
      32.0,
      2.0
    ],
    "colourPosteriors": [
      30.0,
      21.0,
      19.0,
      30.0
    ],
    "responseTimeUrn": 56.1171875,
    "responseTimeColour": 15.7163086
  },
  {
    "participantID": "61",
    "instanceName": "BU12",
    "seqBall": 3,
    "urnPosteriors": [
      66.0,
      31.0,
      3.0
    ],
    "colourPosteriors": [
      31.0,
      22.0,
      18.0,
      29.0
    ],
    "responseTimeUrn": 22.4833984,
    "responseTimeColour": 9.866699
  }
]