[
  {
    "participantID": "61",
    "instanceName": "BU7",
    "seqBall": 1,
    "urnPosteriors": [
      48.0,
      32.0,
      20.0
    ],
    "colourPosteriors": [
      49.0,
      51.0
    ],
    "responseTimeUrn": 40.0834961,
    "responseTimeColour": 11.8833008
  },
  {
    "participantID": "61",
    "instanceName": "BU7",
    "seqBall": 2,
    "urnPosteriors": [
      12.0,
      25.0,
      63.0
    ],
    "colourPosteriors": [
      48.0,
      52.0
    ],
    "responseTimeUrn": 38.50049,
    "responseTimeColour": 11.8999023
  },
  {
    "participantID": "61",
    "instanceName": "BU7",
    "seqBall": 3,
    "urnPosteriors": [
      8.0,
      39.0,
      53.0
    ],
    "colourPosteriors": [
      47.0,
      53.0
    ],
    "responseTimeUrn": 25.9667969,
    "responseTimeColour": 4.54980469
  }
]