[
  {
    "participantID": "61",
    "instanceName": "BU9",
    "seqBall": 1,
    "urnPosteriors": [
      10.0,
      20.0,
      70.0
    ],
    "colourPosteriors": [
      31.0,
      34.0,
      35.0
    ],
    "responseTimeUrn": 31.7001953,
    "responseTimeColour": 30.8500977
  },
  {
    "participantID": "61",
    "instanceName": "BU9",
    "seqBall": 2,
    "urnPosteriors": [
      5.0,
      15.0,
      80.0
    ],
    "colourPosteriors": [
      30.0,
      33.0,
      37.0
    ],
    "responseTimeUrn": 17.6000977,
    "responseTimeColour": 7.449707
  },
  {
    "participantID": "61",
    "instanceName": "BU9",
    "seqBall": 3,
    "urnPosteriors": [
      3.0,
      12.0,
      85.0
    ],
    "colourPosteriors": [
      29.0,
      34.0,
      37.0
    ],
    "responseTimeUrn": 18.6499023,
    "responseTimeColour": 12.3833008
  }
]