[
  {
    "participantID": "61",
    "instanceName": "BU15",
    "seqBall": 1,
    "urnPosteriors": [
      5.0,
      71.0,
      2.0,
      22.0
    ],
    "colourPosteriors": [
      26.0,
      44.0,
      30.0
    ],
    "responseTimeUrn": 143.2168,
    "responseTimeColour": 95.4501953
  },
  {
    "participantID": "61",
    "instanceName": "BU15",
    "seqBall": 2,
    "urnPosteriors": [
      44.0,
      4.0,
      5.0,
      47.0
    ],
    "colourPosteriors": [
      25.0,
      44.0,
      31.0
    ],
    "responseTimeUrn": 78.6499,
    "responseTimeColour": 64.4668
  },
  {
    "participantID": "61",
    "instanceName": "BU15",
    "seqBall": 3,
    "urnPosteriors": [
      9.0,
      6.0,
      8.0,
      77.0
    ],
    "colourPosteriors": [
      25.0,
      42.0,
      33.0
    ],
    "responseTimeUrn": 106.699707,
    "responseTimeColour": 18.7333984
  }
]