[
  {
    "participantID": "20",
    "instanceName": "BU15",
    "seqBall": 1,
    "urnPosteriors": [
      14.0,
      50.0,
      7.0,
      29.0
    ],
    "colourPosteriors": [
      24.0,
      61.0,
      15.0
    ],
    "responseTimeUrn": 110.4668,
    "responseTimeColour": 301.8838
  },
  {
    "participantID": "20",
    "instanceName": "BU15",
    "seqBall": 2,
    "urnPosteriors": [
      25.0,
      32.0,
      8.0,
      35.0
    ],
    "colourPosteriors": [
      30.0,
      49.0,
      21.0
    ],
    "responseTimeUrn": 124.066895,
    "responseTimeColour": 227.817383
  },
  {
    "participantID": "20",
    "instanceName": "BU15",
    "seqBall": 3,
    "urnPosteriors": [
      20.0,
      29.0,
      13.0,
      38.0
    ],
    "colourPosteriors": [
      39.0,
      33.0,
      28.0
    ],
    "responseTimeUrn": 73.1494141,
    "responseTimeColour": 253.416992
  }
]