[
  {
    "participantID": "69",
    "instanceName": "BU5",
    "seqBall": 1,
    "urnPosteriors": [
      56.0,
      44.0
    ],
    "colourPosteriors": [
      23.0,
      23.0,
      28.0,
      26.0
    ],
    "responseTimeUrn": 10.3168945,
    "responseTimeColour": 27.2998047
  },
  {
    "participantID": "69",
    "instanceName": "BU5",
    "seqBall": 2,
    "urnPosteriors": [
      26.0,
      74.0
    ],
    "colourPosteriors": [
      26.0,
      17.0,
      38.0,
      19.0
    ],
    "responseTimeUrn": 8.066895,
    "responseTimeColour": 60.1665039
  },
  {
    "participantID": "69",
    "instanceName": "BU5",
    "seqBall": 3,
    "urnPosteriors": [
      14.0,
      86.0
    ],
    "colourPosteriors": [
      32.0,
      45.0,
      13.0,
      10.0
    ],
    "responseTimeUrn": 6.04980469,
    "responseTimeColour": 23.0668945
  }
]