[
  {
    "participantID": "69",
    "instanceName": "BU12",
    "seqBall": 1,
    "urnPosteriors": [
      57.0,
      26.0,
      17.0
    ],
    "colourPosteriors": [
      35.0,
      16.0,
      12.0,
      37.0
    ],
    "responseTimeUrn": 59.083252,
    "responseTimeColour": 47.6501465
  },
  {
    "participantID": "69",
    "instanceName": "BU12",
    "seqBall": 2,
    "urnPosteriors": [
      64.0,
      31.0,
      5.0
    ],
    "colourPosteriors": [
      28.0,
      21.0,
      18.0,
      33.0
    ],
    "responseTimeUrn": 12.916748,
    "responseTimeColour": 28.3667
  },
  {
    "participantID": "69",
    "instanceName": "BU12",
    "seqBall": 3,
    "urnPosteriors": [
      48.0,
      31.0,
      21.0
    ],
    "colourPosteriors": [
      15.0,
      10.0,
      33.0,
      42.0
    ],
    "responseTimeUrn": 16.916748,
    "responseTimeColour": 25.5500488
  }
]