[
  {
    "participantID": "31",
    "instanceName": "BU18",
    "seqBall": 1,
    "urnPosteriors": [
      10.0,
      20.0,
      30.0,
      40.0
    ],
    "colourPosteriors": [
      20.0,
      22.0,
      28.0,
      30.0
    ],
    "responseTimeUrn": 174.367188,
    "responseTimeColour": 298.1338
  },
  {
    "participantID": "31",
    "instanceName": "BU18",
    "seqBall": 2,
    "urnPosteriors": [
      20.0,
      10.0,
      40.0,
      30.0
    ],
    "colourPosteriors": [
      22.0,
      20.0,
      30.0,
      28.0
    ],
    "responseTimeUrn": 67.3168945,
    "responseTimeColour": 106.933105
  },
  {
    "participantID": "31",
    "instanceName": "BU18",
    "seqBall": 3,
    "urnPosteriors": [
      15.0,
      5.0,
      45.0,
      35.0
    ],
    "colourPosteriors": [
      20.0,
      18.0,
      32.0,
      30.0
    ],
    "responseTimeUrn": 94.2334,
    "responseTimeColour": 338.0171
  }
]