[
  {
    "participantID": "31",
    "instanceName": "BU11",
    "seqBall": 1,
    "urnPosteriors": [
      28.0,
      28.0,
      44.0
    ],
    "colourPosteriors": [
      24.0,
      23.0,
      24.0,
      29.0
    ],
    "responseTimeUrn": 65.0,
    "responseTimeColour": 104.083984
  },
  {
    "participantID": "31",
    "instanceName": "BU11",
    "seqBall": 2,
    "urnPosteriors": [
      23.0,
      30.0,
      47.0
    ],
    "colourPosteriors": [
      22.0,
      24.0,
      24.0,
      30.0
    ],
    "responseTimeUrn": 21.9667969,
    "responseTimeColour": 124.650391
  },
  {
    "participantID": "31",
    "instanceName": "BU11",
    "seqBall": 3,
    "urnPosteriors": [
      15.0,
      32.0,
      53.0
    ],
    "colourPosteriors": [
      18.0,
      22.0,
      25.0,
      35.0
    ],
    "responseTimeUrn": 31.0166016,
    "responseTimeColour": 70.0498047
  }
]