[
  {
    "participantID": "31",
    "instanceName": "BU13",
    "seqBall": 1,
    "urnPosteriors": [
      35.0,
      30.0,
      20.0,
      15.0
    ],
    "colourPosteriors": [
      55.0,
      45.0
    ],
    "responseTimeUrn": 38.9667969,
    "responseTimeColour": 91.61621
  },
  {
    "participantID": "31",
    "instanceName": "BU13",
    "seqBall": 2,
    "urnPosteriors": [
      30.0,
      27.0,
      23.0,
      20.0
    ],
    "colourPosteriors": [
      50.0,
      50.0
    ],
    "responseTimeUrn": 77.91699,
    "responseTimeColour": 35.4169922
  },
  {
    "participantID": "31",
    "instanceName": "BU13",
    "seqBall": 3,
    "urnPosteriors": [
      25.0,
      25.0,
      25.0,
      25.0
    ],
    "colourPosteriors": [
      50.0,
      50.0
    ],
    "responseTimeUrn": 43.0664063,
    "responseTimeColour": 59.8671875
  }
]