[
  {
    "participantID": "31",
    "instanceName": "BU15",
    "seqBall": 1,
    "urnPosteriors": [
      14.0,
      50.0,
      8.0,
      28.0
    ],
    "colourPosteriors": [
      28.0,
      49.0,
      23.0
    ],
    "responseTimeUrn": 118.566406,
    "responseTimeColour": 89.66699
  },
  {
    "participantID": "31",
    "instanceName": "BU15",
    "seqBall": 2,
    "urnPosteriors": [
      25.0,
      43.0,
      5.0,
      27.0
    ],
    "colourPosteriors": [
      32.0,
      47.0,
      21.0
    ],
    "responseTimeUrn": 81.0332,
    "responseTimeColour": 148.0
  },
  {
    "participantID": "31",
    "instanceName": "BU15",
    "seqBall": 3,
    "urnPosteriors": [
      20.0,
      40.0,
      10.0,
      30.0
    ],
    "colourPosteriors": [
      29.0,
      45.0,
      26.0
    ],
    "responseTimeUrn": 53.1835938,
    "responseTimeColour": 95.28418
  }
]