[
  {
    "participantID": "60",
    "instanceName": "BU11",
    "seqBall": 1,
    "urnPosteriors": [
      22.0,
      25.0,
      53.0
    ],
    "colourPosteriors": [
      29.0,
      27.0,
      19.0,
      25.0
    ],
    "responseTimeUrn": 119.0,
    "responseTimeColour": 59.8999023
  },
  {
    "participantID": "60",
    "instanceName": "BU11",
    "seqBall": 2,
    "urnPosteriors": [
      14.0,
      30.0,
      56.0
    ],
    "colourPosteriors": [
      32.0,
      25.0,
      19.0,
      24.0
    ],
    "responseTimeUrn": 42.1167,
    "responseTimeColour": 14.4667969
  },
  {
    "participantID": "60",
    "instanceName": "BU11",
    "seqBall": 3,
    "urnPosteriors": [
      0.0,
      44.0,
      56.0
    ],
    "colourPosteriors": [
      32.0,
      27.0,
      22.0,
      19.0
    ],
    "responseTimeUrn": 34.3999023,
    "responseTimeColour": 19.59961
  }
]