[
  {
    "participantID": "60",
    "instanceName": "BU7",
    "seqBall": 1,
    "urnPosteriors": [
      14.0,
      39.0,
      47.0
    ],
    "colourPosteriors": [
      44.0,
      56.0
    ],
    "responseTimeUrn": 48.2334,
    "responseTimeColour": 12.800293
  },
  {
    "participantID": "60",
    "instanceName": "BU7",
    "seqBall": 2,
    "urnPosteriors": [
      14.0,
      39.0,
      47.0
    ],
    "colourPosteriors": [
      44.0,
      56.0
    ],
    "responseTimeUrn": 3.71679688,
    "responseTimeColour": 6.18359375
  },
  {
    "participantID": "60",
    "instanceName": "BU7",
    "seqBall": 3,
    "urnPosteriors": [
      14.0,
      39.0,
      47.0
    ],
    "colourPosteriors": [
      34.0,
      66.0
    ],
    "responseTimeUrn": 5.133789,
    "responseTimeColour": 18.6333
  }
]