[
  {
    "participantID": "60",
    "instanceName": "BU1",
    "seqBall": 1,
    "urnPosteriors": [
      30.0,
      70.0
    ],
    "colourPosteriors": [
      40.0,
      60.0
    ],
    "responseTimeUrn": 22.31665,
    "responseTimeColour": 87.16675
  },
  {
    "participantID": "60",
    "instanceName": "BU1",
    "seqBall": 2,
    "urnPosteriors": [
      61.0,
      39.0
    ],
    "colourPosteriors": [
      75.0,
      25.0
    ],
    "responseTimeUrn": 50.6167,
    "responseTimeColour": 85.3999
  },
  {
    "participantID": "60",
    "instanceName": "BU1",
    "seqBall": 3,
    "urnPosteriors": [
      31.0,
      69.0
    ],
    "colourPosteriors": [
      29.0,
      71.0
    ],
    "responseTimeUrn": 24.8999023,
    "responseTimeColour": 114.1001
  }
]