[
  {
    "participantID": "60",
    "instanceName": "BU17",
    "seqBall": 1,
    "urnPosteriors": [
      9.0,
      16.0,
      31.0,
      44.0
    ],
    "colourPosteriors": [
      27.0,
      25.0,
      20.0,
      28.0
    ],
    "responseTimeUrn": 80.4834,
    "responseTimeColour": 69.6001
  },
  {
    "participantID": "60",
    "instanceName": "BU17",
    "seqBall": 2,
    "urnPosteriors": [
      19.0,
      19.0,
      28.0,
      34.0
    ],
    "colourPosteriors": [
      27.0,
      25.0,
      20.0,
      28.0
    ],
    "responseTimeUrn": 69.9165039,
    "responseTimeColour": 8.449707
  },
  {
    "participantID": "60",
    "instanceName": "BU17",
    "seqBall": 3,
    "urnPosteriors": [
      0.0,
      22.0,
      35.0,
      43.0
    ],
    "colourPosteriors": [
      14.0,
      29.0,
      27.0,
      30.0
    ],
    "responseTimeUrn": 34.21631,
    "responseTimeColour": 121.400391
  }
]