[
  {
    "participantID": "66",
    "instanceName": "BU17",
    "seqBall": 1,
    "urnPosteriors": [
      10.0,
      20.0,
      30.0,
      40.0
    ],
    "colourPosteriors": [
      10.0,
      15.0,
      30.0,
      45.0
    ],
    "responseTimeUrn": 18.8994141,
    "responseTimeColour": 59.53125
  },
  {
    "participantID": "66",
    "instanceName": "BU17",
    "seqBall": 2,
    "urnPosteriors": [
      26.0,
      35.0,
      12.0,
      27.0
    ],
    "colourPosteriors": [
      18.0,
      21.0,
      25.0,
      36.0
    ],
    "responseTimeUrn": 84.23047,
    "responseTimeColour": 39.33203
  },
  {
    "participantID": "66",
    "instanceName": "BU17",
    "seqBall": 3,
    "urnPosteriors": [
      15.0,
      25.0,
      25.0,
      35.0
    ],
    "colourPosteriors": [
      18.0,
      21.0,
      25.0,
      36.0
    ],
    "responseTimeUrn": 25.6494141,
    "responseTimeColour": 4.116211
  }
]