[
  {
    "participantID": "66",
    "instanceName": "BU12",
    "seqBall": 1,
    "urnPosteriors": [
      50.0,
      32.0,
      18.0
    ],
    "colourPosteriors": [
      40.0,
      30.0,
      20.0,
      10.0
    ],
    "responseTimeUrn": 46.6152344,
    "responseTimeColour": 79.51367
  },
  {
    "participantID": "66",
    "instanceName": "BU12",
    "seqBall": 2,
    "urnPosteriors": [
      60.0,
      30.0,
      10.0
    ],
    "colourPosteriors": [
      51.0,
      26.0,
      15.0,
      8.0
    ],
    "responseTimeUrn": 16.7827148,
    "responseTimeColour": 53.7148438
  },
  {
    "participantID": "66",
    "instanceName": "BU12",
    "seqBall": 3,
    "urnPosteriors": [
      66.0,
      20.0,
      14.0
    ],
    "colourPosteriors": [
      51.0,
      26.0,
      15.0,
      8.0
    ],
    "responseTimeUrn": 27.6323242,
    "responseTimeColour": 15.6992188
  }
]