[
  {
    "participantID": "66",
    "instanceName": "BU18",
    "seqBall": 1,
    "urnPosteriors": [
      10.0,
      20.0,
      30.0,
      40.0
    ],
    "colourPosteriors": [
      7.0,
      19.0,
      31.0,
      43.0
    ],
    "responseTimeUrn": 35.4155273,
    "responseTimeColour": 70.79736
  },
  {
    "participantID": "66",
    "instanceName": "BU18",
    "seqBall": 2,
    "urnPosteriors": [
      16.0,
      12.0,
      38.0,
      34.0
    ],
    "colourPosteriors": [
      13.0,
      14.0,
      38.0,
      35.0
    ],
    "responseTimeUrn": 45.8984375,
    "responseTimeColour": 33.81543
  },
  {
    "participantID": "66",
    "instanceName": "BU18",
    "seqBall": 3,
    "urnPosteriors": [
      13.0,
      6.0,
      45.0,
      36.0
    ],
    "colourPosteriors": [
      10.0,
      11.0,
      45.0,
      34.0
    ],
    "responseTimeUrn": 31.015625,
    "responseTimeColour": 57.26465
  }
]