[
  {
    "participantID": "66",
    "instanceName": "BU15",
    "seqBall": 1,
    "urnPosteriors": [
      15.0,
      50.0,
      5.0,
      30.0
    ],
    "colourPosteriors": [
      10.0,
      65.0,
      25.0
    ],
    "responseTimeUrn": 51.4482422,
    "responseTimeColour": 26.4824219
  },
  {
    "participantID": "66",
    "instanceName": "BU15",
    "seqBall": 2,
    "urnPosteriors": [
      48.0,
      14.0,
      22.0,
      16.0
    ],
    "colourPosteriors": [
      55.0,
      25.0,
      20.0
    ],
    "responseTimeUrn": 43.3984375,
    "responseTimeColour": 23.3491211
  },
  {
    "participantID": "66",
    "instanceName": "BU15",
    "seqBall": 3,
    "urnPosteriors": [
      10.0,
      16.0,
      48.0,
      26.0
    ],
    "colourPosteriors": [
      25.0,
      20.0,
      55.0
    ],
    "responseTimeUrn": 80.89697,
    "responseTimeColour": 17.0161133
  }
]