[
  {
    "participantID": "66",
    "instanceName": "BU7",
    "seqBall": 1,
    "urnPosteriors": [
      20.0,
      35.0,
      45.0
    ],
    "colourPosteriors": [
      32.0,
      68.0
    ],
    "responseTimeUrn": 60.51465,
    "responseTimeColour": 24.96582
  },
  {
    "participantID": "66",
    "instanceName": "BU7",
    "seqBall": 2,
    "urnPosteriors": [
      10.0,
      25.0,
      65.0
    ],
    "colourPosteriors": [
      21.0,
      79.0
    ],
    "responseTimeUrn": 29.432373,
    "responseTimeColour": 13.66626
  },
  {
    "participantID": "66",
    "instanceName": "BU7",
    "seqBall": 3,
    "urnPosteriors": [
      39.0,
      30.0,
      31.0
    ],
    "colourPosteriors": [
      48.0,
      52.0
    ],
    "responseTimeUrn": 74.33081,
    "responseTimeColour": 17.2160645
  }
]