[
  {
    "participantID": "66",
    "instanceName": "BU9",
    "seqBall": 1,
    "urnPosteriors": [
      10.0,
      20.0,
      70.0
    ],
    "colourPosteriors": [
      12.0,
      23.0,
      65.0
    ],
    "responseTimeUrn": 12.4663086,
    "responseTimeColour": 18.0991211
  },
  {
    "participantID": "66",
    "instanceName": "BU9",
    "seqBall": 2,
    "urnPosteriors": [
      5.0,
      15.0,
      80.0
    ],
    "colourPosteriors": [
      15.0,
      12.0,
      73.0
    ],
    "responseTimeUrn": 13.58252,
    "responseTimeColour": 28.3823242
  },
  {
    "participantID": "66",
    "instanceName": "BU9",
    "seqBall": 3,
    "urnPosteriors": [
      65.0,
      14.0,
      21.0
    ],
    "colourPosteriors": [
      65.0,
      23.0,
      12.0
    ],
    "responseTimeUrn": 56.6811523,
    "responseTimeColour": 33.81543
  }
]