[
  {
    "participantID": "42",
    "instanceName": "BUPractice",
    "seqBall": 1,
    "urnPosteriors": [
      40.0,
      60.0
    ],
    "colourPosteriors": [
      48.0,
      52.0
    ],
    "responseTimeUrn": 13.199707,
    "responseTimeColour": 24.1499023
  },
  {
    "participantID": "42",
    "instanceName": "BUPractice",
    "seqBall": 2,
    "urnPosteriors": [
      31.0,
      69.0
    ],
    "colourPosteriors": [
      45.0,
      55.0
    ],
    "responseTimeUrn": 106.900391,
    "responseTimeColour": 25.0498047
  },
  {
    "participantID": "42",
    "instanceName": "BUPractice",
    "seqBall": 3,
    "urnPosteriors": [
      22.0,
      78.0
    ],
    "colourPosteriors": [
      55.0,
      45.0
    ],
    "responseTimeUrn": 12.0664063,
    "responseTimeColour": 20.9833984
  }
]