[
  {
    "participantID": "42",
    "instanceName": "BU15",
    "seqBall": 1,
    "urnPosteriors": [
      14.0,
      50.0,
      7.0,
      29.0
    ],
    "colourPosteriors": [
      25.0,
      50.0,
      25.0
    ],
    "responseTimeUrn": 136.3501,
    "responseTimeColour": 207.367188
  },
  {
    "participantID": "42",
    "instanceName": "BU15",
    "seqBall": 2,
    "urnPosteriors": [
      29.0,
      18.0,
      8.0,
      45.0
    ],
    "colourPosteriors": [
      45.0,
      35.0,
      20.0
    ],
    "responseTimeUrn": 115.9834,
    "responseTimeColour": 75.0668945
  },
  {
    "participantID": "42",
    "instanceName": "BU15",
    "seqBall": 3,
    "urnPosteriors": [
      15.0,
      15.0,
      15.0,
      55.0
    ],
    "colourPosteriors": [
      30.0,
      40.0,
      30.0
    ],
    "responseTimeUrn": 130.783691,
    "responseTimeColour": 128.3501
  }
]