[
  {
    "participantID": "42",
    "instanceName": "BU5",
    "seqBall": 1,
    "urnPosteriors": [
      40.0,
      60.0
    ],
    "colourPosteriors": [
      22.0,
      24.0,
      26.0,
      28.0
    ],
    "responseTimeUrn": 12.0166016,
    "responseTimeColour": 40.6005859
  },
  {
    "participantID": "42",
    "instanceName": "BU5",
    "seqBall": 2,
    "urnPosteriors": [
      31.0,
      69.0
    ],
    "colourPosteriors": [
      20.0,
      23.0,
      27.0,
      30.0
    ],
    "responseTimeUrn": 14.2832031,
    "responseTimeColour": 62.13379
  },
  {
    "participantID": "42",
    "instanceName": "BU5",
    "seqBall": 3,
    "urnPosteriors": [
      20.0,
      80.0
    ],
    "colourPosteriors": [
      16.0,
      22.0,
      28.0,
      34.0
    ],
    "responseTimeUrn": 10.2666016,
    "responseTimeColour": 47.5830078
  }
]