[
  {
    "participantID": "42",
    "instanceName": "BU12",
    "seqBall": 1,
    "urnPosteriors": [
      50.0,
      37.0,
      13.0
    ],
    "colourPosteriors": [
      32.0,
      25.0,
      22.0,
      21.0
    ],
    "responseTimeUrn": 34.34961,
    "responseTimeColour": 118.816406
  },
  {
    "participantID": "42",
    "instanceName": "BU12",
    "seqBall": 2,
    "urnPosteriors": [
      60.0,
      30.0,
      10.0
    ],
    "colourPosteriors": [
      34.0,
      26.0,
      21.0,
      19.0
    ],
    "responseTimeUrn": 20.3330078,
    "responseTimeColour": 54.0839844
  },
  {
    "participantID": "42",
    "instanceName": "BU12",
    "seqBall": 3,
    "urnPosteriors": [
      70.0,
      25.0,
      5.0
    ],
    "colourPosteriors": [
      36.0,
      27.0,
      24.0,
      13.0
    ],
    "responseTimeUrn": 121.500977,
    "responseTimeColour": 90.43262
  }
]