[
  {
    "participantID": "42",
    "instanceName": "BU18",
    "seqBall": 1,
    "urnPosteriors": [
      10.0,
      20.0,
      30.0,
      40.0
    ],
    "colourPosteriors": [
      20.0,
      21.0,
      28.0,
      31.0
    ],
    "responseTimeUrn": 23.1171875,
    "responseTimeColour": 159.182617
  },
  {
    "participantID": "42",
    "instanceName": "BU18",
    "seqBall": 2,
    "urnPosteriors": [
      20.0,
      20.0,
      30.0,
      30.0
    ],
    "colourPosteriors": [
      23.0,
      23.0,
      27.0,
      27.0
    ],
    "responseTimeUrn": 14.2998047,
    "responseTimeColour": 63.51758
  },
  {
    "participantID": "42",
    "instanceName": "BU18",
    "seqBall": 3,
    "urnPosteriors": [
      22.0,
      18.0,
      33.0,
      27.0
    ],
    "colourPosteriors": [
      24.0,
      21.0,
      30.0,
      25.0
    ],
    "responseTimeUrn": 22.7001953,
    "responseTimeColour": 36.09961
  }
]