[
  {
    "participantID": "64",
    "instanceName": "BUPractice",
    "seqBall": 1,
    "urnPosteriors": [
      40.0,
      60.0
    ],
    "colourPosteriors": [
      38.0,
      62.0
    ],
    "responseTimeUrn": 13.4827881,
    "responseTimeColour": 157.144409
  },
  {
    "participantID": "64",
    "instanceName": "BUPractice",
    "seqBall": 2,
    "urnPosteriors": [
      31.0,
      69.0
    ],
    "colourPosteriors": [
      33.0,
      67.0
    ],
    "responseTimeUrn": 44.59839,
    "responseTimeColour": 17.3493652
  },
  {
    "participantID": "64",
    "instanceName": "BUPractice",
    "seqBall": 3,
    "urnPosteriors": [
      22.0,
      78.0
    ],
    "colourPosteriors": [
      80.0,
      20.0
    ],
    "responseTimeUrn": 32.99878,
    "responseTimeColour": 30.4824219
  }
]