[
  {
    "participantID": "64",
    "instanceName": "BU9",
    "seqBall": 1,
    "urnPosteriors": [
      10.0,
      20.0,
      70.0
    ],
    "colourPosteriors": [
      33.0,
      33.0,
      34.0
    ],
    "responseTimeUrn": 45.29834,
    "responseTimeColour": 45.1147461
  },
  {
    "participantID": "64",
    "instanceName": "BU9",
    "seqBall": 2,
    "urnPosteriors": [
      7.0,
      14.0,
      79.0
    ],
    "colourPosteriors": [
      28.0,
      27.0,
      45.0
    ],
    "responseTimeUrn": 40.715332,
    "responseTimeColour": 35.83203
  },
  {
    "participantID": "64",
    "instanceName": "BU9",
    "seqBall": 3,
    "urnPosteriors": [
      53.0,
      5.0,
      42.0
    ],
    "colourPosteriors": [
      45.0,
      27.0,
      28.0
    ],
    "responseTimeUrn": 105.47998,
    "responseTimeColour": 30.5986328
  }
]