[
  {
    "participantID": "57",
    "instanceName": "BU9",
    "seqBall": 1,
    "urnPosteriors": [
      10.0,
      20.0,
      70.0
    ],
    "colourPosteriors": [
      20.0,
      10.0,
      70.0
    ],
    "responseTimeUrn": 29.25,
    "responseTimeColour": 16.6835938
  },
  {
    "participantID": "57",
    "instanceName": "BU9",
    "seqBall": 2,
    "urnPosteriors": [
      5.0,
      22.0,
      73.0
    ],
    "colourPosteriors": [
      21.0,
      13.0,
      66.0
    ],
    "responseTimeUrn": 43.1333,
    "responseTimeColour": 56.4834
  },
  {
    "participantID": "57",
    "instanceName": "BU9",
    "seqBall": 3,
    "urnPosteriors": [
      70.0,
      20.0,
      10.0
    ],
    "colourPosteriors": [
      73.0,
      18.0,
      9.0
    ],
    "responseTimeUrn": 29.6669922,
    "responseTimeColour": 21.3833
  }
]