[
  {
    "participantID": "57",
    "instanceName": "BU5",
    "seqBall": 1,
    "urnPosteriors": [
      40.0,
      60.0
    ],
    "colourPosteriors": [
      10.0,
      20.0,
      30.0,
      40.0
    ],
    "responseTimeUrn": 12.8164063,
    "responseTimeColour": 15.3666992
  },
  {
    "participantID": "57",
    "instanceName": "BU5",
    "seqBall": 2,
    "urnPosteriors": [
      20.0,
      80.0
    ],
    "colourPosteriors": [
      12.0,
      22.0,
      33.0,
      33.0
    ],
    "responseTimeUrn": 9.933594,
    "responseTimeColour": 31.0834961
  },
  {
    "participantID": "57",
    "instanceName": "BU5",
    "seqBall": 3,
    "urnPosteriors": [
      20.0,
      80.0
    ],
    "colourPosteriors": [
      12.0,
      22.0,
      33.0,
      33.0
    ],
    "responseTimeUrn": 8.899902,
    "responseTimeColour": 1.61669922
  }
]