[
  {
    "participantID": "57",
    "instanceName": "BU13",
    "seqBall": 1,
    "urnPosteriors": [
      15.0,
      20.0,
      30.0,
      35.0
    ],
    "colourPosteriors": [
      70.0,
      30.0
    ],
    "responseTimeUrn": 91.75,
    "responseTimeColour": 33.06665
  },
  {
    "participantID": "57",
    "instanceName": "BU13",
    "seqBall": 2,
    "urnPosteriors": [
      35.0,
      30.0,
      20.0,
      15.0
    ],
    "colourPosteriors": [
      70.0,
      30.0
    ],
    "responseTimeUrn": 32.93335,
    "responseTimeColour": 47.1333
  },
  {
    "participantID": "57",
    "instanceName": "BU13",
    "seqBall": 3,
    "urnPosteriors": [
      32.0,
      33.0,
      20.0,
      15.0
    ],
    "colourPosteriors": [
      60.0,
      40.0
    ],
    "responseTimeUrn": 65.6001,
    "responseTimeColour": 15.93335
  }
]