[
  {
    "participantID": "62",
    "instanceName": "BU12",
    "seqBall": 1,
    "urnPosteriors": [
      50.0,
      40.0,
      10.0
    ],
    "colourPosteriors": [
      40.0,
      30.0,
      20.0,
      10.0
    ],
    "responseTimeUrn": 56.9834,
    "responseTimeColour": 37.9165039
  },
  {
    "participantID": "62",
    "instanceName": "BU12",
    "seqBall": 2,
    "urnPosteriors": [
      55.0,
      40.0,
      5.0
    ],
    "colourPosteriors": [
      45.0,
      35.0,
      15.0,
      5.0
    ],
    "responseTimeUrn": 20.2836914,
    "responseTimeColour": 30.7666016
  },
  {
    "participantID": "62",
    "instanceName": "BU12",
    "seqBall": 3,
    "urnPosteriors": [
      50.0,
      45.0,
      5.0
    ],
    "colourPosteriors": [
      50.0,
      40.0,
      5.0,
      5.0
    ],
    "responseTimeUrn": 62.050293,
    "responseTimeColour": 28.0498047
  }
]