[
  {
    "participantID": "62",
    "instanceName": "BU18",
    "seqBall": 1,
    "urnPosteriors": [
      15.0,
      25.0,
      25.0,
      35.0
    ],
    "colourPosteriors": [
      10.0,
      20.0,
      30.0,
      40.0
    ],
    "responseTimeUrn": 50.6835938,
    "responseTimeColour": 24.2333984
  },
  {
    "participantID": "62",
    "instanceName": "BU18",
    "seqBall": 2,
    "urnPosteriors": [
      10.0,
      20.0,
      40.0,
      30.0
    ],
    "colourPosteriors": [
      10.0,
      20.0,
      40.0,
      30.0
    ],
    "responseTimeUrn": 30.8667,
    "responseTimeColour": 12.1166992
  },
  {
    "participantID": "62",
    "instanceName": "BU18",
    "seqBall": 3,
    "urnPosteriors": [
      10.0,
      10.0,
      50.0,
      30.0
    ],
    "colourPosteriors": [
      20.0,
      10.0,
      40.0,
      30.0
    ],
    "responseTimeUrn": 12.5664063,
    "responseTimeColour": 13.0
  }
]