[
  {
    "participantID": "62",
    "instanceName": "BU16",
    "seqBall": 1,
    "urnPosteriors": [
      45.0,
      10.0,
      30.0,
      15.0
    ],
    "colourPosteriors": [
      50.0,
      30.0,
      20.0
    ],
    "responseTimeUrn": 122.799805,
    "responseTimeColour": 51.300293
  },
  {
    "participantID": "62",
    "instanceName": "BU16",
    "seqBall": 2,
    "urnPosteriors": [
      10.0,
      5.0,
      35.0,
      50.0
    ],
    "colourPosteriors": [
      30.0,
      40.0,
      30.0
    ],
    "responseTimeUrn": 39.3833,
    "responseTimeColour": 20.3164063
  },
  {
    "participantID": "62",
    "instanceName": "BU16",
    "seqBall": 3,
    "urnPosteriors": [
      5.0,
      5.0,
      40.0,
      50.0
    ],
    "colourPosteriors": [
      35.0,
      25.0,
      40.0
    ],
    "responseTimeUrn": 13.5336914,
    "responseTimeColour": 19.5332031
  }
]