[
  {
    "participantID": "62",
    "instanceName": "BU7",
    "seqBall": 1,
    "urnPosteriors": [
      20.0,
      35.0,
      45.0
    ],
    "colourPosteriors": [
      50.0,
      50.0
    ],
    "responseTimeUrn": 49.26709,
    "responseTimeColour": 14.6831055
  },
  {
    "participantID": "62",
    "instanceName": "BU7",
    "seqBall": 2,
    "urnPosteriors": [
      15.0,
      35.0,
      50.0
    ],
    "colourPosteriors": [
      40.0,
      60.0
    ],
    "responseTimeUrn": 14.5996094,
    "responseTimeColour": 28.050293
  },
  {
    "participantID": "62",
    "instanceName": "BU7",
    "seqBall": 3,
    "urnPosteriors": [
      10.0,
      40.0,
      50.0
    ],
    "colourPosteriors": [
      45.0,
      55.0
    ],
    "responseTimeUrn": 16.0498047,
    "responseTimeColour": 11.0668945
  }
]