[
  {
    "participantID": "62",
    "instanceName": "BU1",
    "seqBall": 1,
    "urnPosteriors": [
      30.0,
      70.0
    ],
    "colourPosteriors": [
      30.0,
      70.0
    ],
    "responseTimeUrn": 26.6499023,
    "responseTimeColour": 17.2504883
  },
  {
    "participantID": "62",
    "instanceName": "BU1",
    "seqBall": 2,
    "urnPosteriors": [
      45.0,
      55.0
    ],
    "colourPosteriors": [
      40.0,
      60.0
    ],
    "responseTimeUrn": 24.3334961,
    "responseTimeColour": 15.3999023
  },
  {
    "participantID": "62",
    "instanceName": "BU1",
    "seqBall": 3,
    "urnPosteriors": [
      35.0,
      65.0
    ],
    "colourPosteriors": [
      35.0,
      65.0
    ],
    "responseTimeUrn": 11.2333984,
    "responseTimeColour": 11.6000977
  }
]