[
  {
    "participantID": "62",
    "instanceName": "BUPractice",
    "seqBall": 1,
    "urnPosteriors": [
      40.0,
      60.0
    ],
    "colourPosteriors": [
      52.0,
      48.0
    ],
    "responseTimeUrn": 24.18335,
    "responseTimeColour": 18.5334473
  },
  {
    "participantID": "62",
    "instanceName": "BUPractice",
    "seqBall": 2,
    "urnPosteriors": [
      52.0,
      48.0
    ],
    "colourPosteriors": [
      53.0,
      47.0
    ],
    "responseTimeUrn": 35.7165527,
    "responseTimeColour": 10.0834961
  },
  {
    "participantID": "62",
    "instanceName": "BUPractice",
    "seqBall": 3,
    "urnPosteriors": [
      40.0,
      60.0
    ],
    "colourPosteriors": [
      50.0,
      50.0
    ],
    "responseTimeUrn": 23.916748,
    "responseTimeColour": 10.4665527
  }
]