[
  {
    "participantID": "62",
    "instanceName": "BU5",
    "seqBall": 1,
    "urnPosteriors": [
      45.0,
      55.0
    ],
    "colourPosteriors": [
      25.0,
      25.0,
      25.0,
      25.0
    ],
    "responseTimeUrn": 24.3500977,
    "responseTimeColour": 67.9165039
  },
  {
    "participantID": "62",
    "instanceName": "BU5",
    "seqBall": 2,
    "urnPosteriors": [
      30.0,
      70.0
    ],
    "colourPosteriors": [
      15.0,
      25.0,
      30.0,
      30.0
    ],
    "responseTimeUrn": 14.25,
    "responseTimeColour": 30.6499023
  },
  {
    "participantID": "62",
    "instanceName": "BU5",
    "seqBall": 3,
    "urnPosteriors": [
      25.0,
      75.0
    ],
    "colourPosteriors": [
      10.0,
      25.0,
      30.0,
      35.0
    ],
    "responseTimeUrn": 11.2167969,
    "responseTimeColour": 12.9165039
  }
]