[
  {
    "participantID": "62",
    "instanceName": "BU15",
    "seqBall": 1,
    "urnPosteriors": [
      10.0,
      65.0,
      5.0,
      20.0
    ],
    "colourPosteriors": [
      20.0,
      50.0,
      30.0
    ],
    "responseTimeUrn": 54.8999023,
    "responseTimeColour": 64.9165039
  },
  {
    "participantID": "62",
    "instanceName": "BU15",
    "seqBall": 2,
    "urnPosteriors": [
      40.0,
      10.0,
      30.0,
      20.0
    ],
    "colourPosteriors": [
      70.0,
      20.0,
      10.0
    ],
    "responseTimeUrn": 92.1499,
    "responseTimeColour": 56.5
  },
  {
    "participantID": "62",
    "instanceName": "BU15",
    "seqBall": 3,
    "urnPosteriors": [
      25.0,
      5.0,
      20.0,
      50.0
    ],
    "colourPosteriors": [
      30.0,
      40.0,
      30.0
    ],
    "responseTimeUrn": 37.3833,
    "responseTimeColour": 25.4665527
  }
]