[
  {
    "participantID": "80",
    "instanceName": "BU1",
    "seqBall": 1,
    "urnPosteriors": [
      30.0,
      70.0
    ],
    "colourPosteriors": [
      42.0,
      58.0
    ],
    "responseTimeUrn": 56.51709,
    "responseTimeColour": 45.9834
  },
  {
    "participantID": "80",
    "instanceName": "BU1",
    "seqBall": 2,
    "urnPosteriors": [
      70.0,
      30.0
    ],
    "colourPosteriors": [
      58.0,
      42.0
    ],
    "responseTimeUrn": 24.65039,
    "responseTimeColour": 14.0166016
  },
  {
    "participantID": "80",
    "instanceName": "BU1",
    "seqBall": 3,
    "urnPosteriors": [
      31.0,
      69.0
    ],
    "colourPosteriors": [
      45.0,
      55.0
    ],
    "responseTimeUrn": 15.8500977,
    "responseTimeColour": 18.5830078
  }
]