[
  {
    "participantID": "80",
    "instanceName": "BU18",
    "seqBall": 1,
    "urnPosteriors": [
      12.0,
      28.0,
      35.0,
      25.0
    ],
    "colourPosteriors": [
      25.0,
      42.0,
      23.0,
      10.0
    ],
    "responseTimeUrn": 39.2001953,
    "responseTimeColour": 29.5498047
  },
  {
    "participantID": "80",
    "instanceName": "BU18",
    "seqBall": 2,
    "urnPosteriors": [
      12.0,
      28.0,
      35.0,
      25.0
    ],
    "colourPosteriors": [
      25.0,
      42.0,
      23.0,
      10.0
    ],
    "responseTimeUrn": 1.0,
    "responseTimeColour": 0.983398438
  },
  {
    "participantID": "80",
    "instanceName": "BU18",
    "seqBall": 3,
    "urnPosteriors": [
      12.0,
      28.0,
      35.0,
      25.0
    ],
    "colourPosteriors": [
      25.0,
      42.0,
      23.0,
      10.0
    ],
    "responseTimeUrn": 1.58300781,
    "responseTimeColour": 1.01660156
  }
]