[
  {
    "participantID": "4",
    "instanceName": "BU9",
    "seqBall": 1,
    "urnPosteriors": [
      10.0,
      20.0,
      70.0
    ],
    "colourPosteriors": [
      23.0,
      25.0,
      52.0
    ],
    "responseTimeUrn": 26.0498047,
    "responseTimeColour": 199.916992
  },
  {
    "participantID": "4",
    "instanceName": "BU9",
    "seqBall": 2,
    "urnPosteriors": [
      6.0,
      17.0,
      77.0
    ],
    "colourPosteriors": [
      18.0,
      20.0,
      62.0
    ],
    "responseTimeUrn": 16.9667969,
    "responseTimeColour": 29.0332031
  },
  {
    "participantID": "4",
    "instanceName": "BU9",
    "seqBall": 3,
    "urnPosteriors": [
      7.0,
      13.0,
      80.0
    ],
    "colourPosteriors": [
      16.0,
      15.0,
      69.0
    ],
    "responseTimeUrn": 23.1167,
    "responseTimeColour": 20.7836914
  }
]