[
  {
    "participantID": "4",
    "instanceName": "BU11",
    "seqBall": 1,
    "urnPosteriors": [
      30.0,
      30.0,
      40.0
    ],
    "colourPosteriors": [
      21.0,
      26.0,
      30.0,
      23.0
    ],
    "responseTimeUrn": 7.916504,
    "responseTimeColour": 51.7666
  },
  {
    "participantID": "4",
    "instanceName": "BU11",
    "seqBall": 2,
    "urnPosteriors": [
      18.0,
      35.0,
      47.0
    ],
    "colourPosteriors": [
      18.0,
      22.0,
      32.0,
      28.0
    ],
    "responseTimeUrn": 22.2163086,
    "responseTimeColour": 14.2167969
  },
  {
    "participantID": "4",
    "instanceName": "BU11",
    "seqBall": 3,
    "urnPosteriors": [
      12.0,
      33.0,
      55.0
    ],
    "colourPosteriors": [
      14.0,
      18.0,
      34.0,
      34.0
    ],
    "responseTimeUrn": 18.7836914,
    "responseTimeColour": 27.6167
  }
]