[
  {
    "participantID": "4",
    "instanceName": "BU12",
    "seqBall": 1,
    "urnPosteriors": [
      45.0,
      35.0,
      20.0
    ],
    "colourPosteriors": [
      33.0,
      31.0,
      21.0,
      15.0
    ],
    "responseTimeUrn": 19.0834961,
    "responseTimeColour": 167.0503
  },
  {
    "participantID": "4",
    "instanceName": "BU12",
    "seqBall": 2,
    "urnPosteriors": [
      49.0,
      39.0,
      12.0
    ],
    "colourPosteriors": [
      41.0,
      27.0,
      19.0,
      13.0
    ],
    "responseTimeUrn": 20.1000977,
    "responseTimeColour": 34.75
  },
  {
    "participantID": "4",
    "instanceName": "BU12",
    "seqBall": 3,
    "urnPosteriors": [
      54.0,
      38.0,
      8.0
    ],
    "colourPosteriors": [
      45.0,
      29.0,
      17.0,
      9.0
    ],
    "responseTimeUrn": 14.9501953,
    "responseTimeColour": 20.449707
  }
]