[
  {
    "participantID": "4",
    "instanceName": "BU18",
    "seqBall": 1,
    "urnPosteriors": [
      10.0,
      20.0,
      30.0,
      40.0
    ],
    "colourPosteriors": [
      20.0,
      22.0,
      28.0,
      30.0
    ],
    "responseTimeUrn": 26.2167969,
    "responseTimeColour": 155.1499
  },
  {
    "participantID": "4",
    "instanceName": "BU18",
    "seqBall": 2,
    "urnPosteriors": [
      5.0,
      15.0,
      35.0,
      45.0
    ],
    "colourPosteriors": [
      16.0,
      18.0,
      32.0,
      34.0
    ],
    "responseTimeUrn": 68.4501953,
    "responseTimeColour": 363.1499
  },
  {
    "participantID": "4",
    "instanceName": "BU18",
    "seqBall": 3,
    "urnPosteriors": [
      10.0,
      8.0,
      44.0,
      38.0
    ],
    "colourPosteriors": [
      13.0,
      13.0,
      37.0,
      37.0
    ],
    "responseTimeUrn": 107.200195,
    "responseTimeColour": 32.2666
  }
]