[
  {
    "participantID": "10",
    "instanceName": "BU5",
    "seqBall": 1,
    "urnPosteriors": [
      40.0,
      60.0
    ],
    "colourPosteriors": [
      22.0,
      24.0,
      26.0,
      28.0
    ],
    "responseTimeUrn": 14.4663086,
    "responseTimeColour": 120.26709
  },
  {
    "participantID": "10",
    "instanceName": "BU5",
    "seqBall": 2,
    "urnPosteriors": [
      29.0,
      71.0
    ],
    "colourPosteriors": [
      14.0,
      22.0,
      29.0,
      35.0
    ],
    "responseTimeUrn": 15.1166992,
    "responseTimeColour": 26.48291
  },
  {
    "participantID": "10",
    "instanceName": "BU5",
    "seqBall": 3,
    "urnPosteriors": [
      18.0,
      82.0
    ],
    "colourPosteriors": [
      12.0,
      21.0,
      29.0,
      38.0
    ],
    "responseTimeUrn": 6.76660156,
    "responseTimeColour": 14.6503906
  }
]