[
  {
    "participantID": "24",
    "instanceName": "BU17",
    "seqBall": 1,
    "urnPosteriors": [
      10.0,
      20.0,
      30.0,
      40.0
    ],
    "colourPosteriors": [
      12.0,
      22.0,
      33.0,
      33.0
    ],
    "responseTimeUrn": 15.0332031,
    "responseTimeColour": 20.8999023
  },
  {
    "participantID": "24",
    "instanceName": "BU17",
    "seqBall": 2,
    "urnPosteriors": [
      30.0,
      40.0,
      10.0,
      20.0
    ],
    "colourPosteriors": [
      50.0,
      25.0,
      25.0,
      0.0
    ],
    "responseTimeUrn": 19.75,
    "responseTimeColour": 38.7167969
  },
  {
    "participantID": "24",
    "instanceName": "BU17",
    "seqBall": 3,
    "urnPosteriors": [
      0.0,
      40.0,
      10.0,
      50.0
    ],
    "colourPosteriors": [
      15.0,
      15.0,
      40.0,
      30.0
    ],
    "responseTimeUrn": 37.25,
    "responseTimeColour": 64.5
  }
]