[
  {
    "participantID": "24",
    "instanceName": "BU5",
    "seqBall": 1,
    "urnPosteriors": [
      40.0,
      60.0
    ],
    "colourPosteriors": [
      11.0,
      22.0,
      22.0,
      45.0
    ],
    "responseTimeUrn": 16.2167969,
    "responseTimeColour": 36.1499023
  },
  {
    "participantID": "24",
    "instanceName": "BU5",
    "seqBall": 2,
    "urnPosteriors": [
      20.0,
      80.0
    ],
    "colourPosteriors": [
      12.0,
      25.0,
      25.0,
      38.0
    ],
    "responseTimeUrn": 18.5336914,
    "responseTimeColour": 21.9663086
  },
  {
    "participantID": "24",
    "instanceName": "BU5",
    "seqBall": 3,
    "urnPosteriors": [
      0.0,
      100.0
    ],
    "colourPosteriors": [
      16.0,
      28.0,
      28.0,
      28.0
    ],
    "responseTimeUrn": 6.56689453,
    "responseTimeColour": 24.3164063
  }
]