[
  {
    "participantID": "24",
    "instanceName": "BU13",
    "seqBall": 1,
    "urnPosteriors": [
      35.0,
      30.0,
      20.0,
      15.0
    ],
    "colourPosteriors": [
      67.0,
      33.0
    ],
    "responseTimeUrn": 25.3334961,
    "responseTimeColour": 19.0332031
  },
  {
    "participantID": "24",
    "instanceName": "BU13",
    "seqBall": 2,
    "urnPosteriors": [
      15.0,
      20.0,
      30.0,
      35.0
    ],
    "colourPosteriors": [
      25.0,
      75.0
    ],
    "responseTimeUrn": 24.0834961,
    "responseTimeColour": 27.2832031
  },
  {
    "participantID": "24",
    "instanceName": "BU13",
    "seqBall": 3,
    "urnPosteriors": [
      15.0,
      20.0,
      30.0,
      35.0
    ],
    "colourPosteriors": [
      30.0,
      70.0
    ],
    "responseTimeUrn": 49.3334961,
    "responseTimeColour": 17.2333984
  }
]