[
  {
    "participantID": "24",
    "instanceName": "BU11",
    "seqBall": 1,
    "urnPosteriors": [
      28.0,
      28.0,
      44.0
    ],
    "colourPosteriors": [
      11.0,
      22.0,
      22.0,
      45.0
    ],
    "responseTimeUrn": 40.5,
    "responseTimeColour": 60.2998047
  },
  {
    "participantID": "24",
    "instanceName": "BU11",
    "seqBall": 2,
    "urnPosteriors": [
      12.0,
      38.0,
      50.0
    ],
    "colourPosteriors": [
      12.0,
      25.0,
      25.0,
      38.0
    ],
    "responseTimeUrn": 93.7168,
    "responseTimeColour": 36.4667969
  },
  {
    "participantID": "24",
    "instanceName": "BU11",
    "seqBall": 3,
    "urnPosteriors": [
      0.0,
      50.0,
      50.0
    ],
    "colourPosteriors": [
      16.0,
      28.0,
      28.0,
      28.0
    ],
    "responseTimeUrn": 42.6665039,
    "responseTimeColour": 42.1000977
  }
]