[
  {
    "participantID": "24",
    "instanceName": "BU3",
    "seqBall": 1,
    "urnPosteriors": [
      67.0,
      33.0
    ],
    "colourPosteriors": [
      78.0,
      11.0,
      11.0
    ],
    "responseTimeUrn": 6.866699,
    "responseTimeColour": 23.5166016
  },
  {
    "participantID": "24",
    "instanceName": "BU3",
    "seqBall": 2,
    "urnPosteriors": [
      77.0,
      23.0
    ],
    "colourPosteriors": [
      76.0,
      12.0,
      12.0
    ],
    "responseTimeUrn": 29.6167,
    "responseTimeColour": 17.3833
  },
  {
    "participantID": "24",
    "instanceName": "BU3",
    "seqBall": 3,
    "urnPosteriors": [
      86.0,
      14.0
    ],
    "colourPosteriors": [
      72.0,
      14.0,
      14.0
    ],
    "responseTimeUrn": 17.8500977,
    "responseTimeColour": 15.8833008
  }
]