[
  {
    "participantID": "63",
    "instanceName": "BU1",
    "seqBall": 1,
    "urnPosteriors": [
      30.0,
      70.0
    ],
    "colourPosteriors": [
      55.0,
      45.0
    ],
    "responseTimeUrn": 8.366699,
    "responseTimeColour": 13.4501953
  },
  {
    "participantID": "63",
    "instanceName": "BU1",
    "seqBall": 2,
    "urnPosteriors": [
      68.0,
      32.0
    ],
    "colourPosteriors": [
      50.0,
      50.0
    ],
    "responseTimeUrn": 15.0166016,
    "responseTimeColour": 12.9667969
  },
  {
    "participantID": "63",
    "instanceName": "BU1",
    "seqBall": 3,
    "urnPosteriors": [
      23.0,
      77.0
    ],
    "colourPosteriors": [
      59.0,
      41.0
    ],
    "responseTimeUrn": 30.6333,
    "responseTimeColour": 18.9833984
  }
]