[
  {
    "participantID": "25",
    "instanceName": "BU15",
    "seqBall": 1,
    "urnPosteriors": [
      14.0,
      47.0,
      8.0,
      31.0
    ],
    "colourPosteriors": [
      10.0,
      70.0,
      20.0
    ],
    "responseTimeUrn": 83.7168,
    "responseTimeColour": 20.09961
  },
  {
    "participantID": "25",
    "instanceName": "BU15",
    "seqBall": 2,
    "urnPosteriors": [
      30.0,
      20.0,
      15.0,
      35.0
    ],
    "colourPosteriors": [
      30.0,
      40.0,
      30.0
    ],
    "responseTimeUrn": 45.7998047,
    "responseTimeColour": 31.38379
  },
  {
    "participantID": "25",
    "instanceName": "BU15",
    "seqBall": 3,
    "urnPosteriors": [
      20.0,
      20.0,
      20.0,
      40.0
    ],
    "colourPosteriors": [
      33.0,
      34.0,
      33.0
    ],
    "responseTimeUrn": 48.9335938,
    "responseTimeColour": 31.90039
  }
]