[
  {
    "participantID": "25",
    "instanceName": "BU18",
    "seqBall": 1,
    "urnPosteriors": [
      10.0,
      20.0,
      30.0,
      40.0
    ],
    "colourPosteriors": [
      15.0,
      25.0,
      25.0,
      35.0
    ],
    "responseTimeUrn": 20.8833,
    "responseTimeColour": 82.9834
  },
  {
    "participantID": "25",
    "instanceName": "BU18",
    "seqBall": 2,
    "urnPosteriors": [
      20.0,
      10.0,
      40.0,
      30.0
    ],
    "colourPosteriors": [
      20.0,
      10.0,
      35.0,
      35.0
    ],
    "responseTimeUrn": 48.38379,
    "responseTimeColour": 39.36621
  },
  {
    "participantID": "25",
    "instanceName": "BU18",
    "seqBall": 3,
    "urnPosteriors": [
      15.0,
      5.0,
      45.0,
      35.0
    ],
    "colourPosteriors": [
      18.0,
      7.0,
      45.0,
      30.0
    ],
    "responseTimeUrn": 42.8828125,
    "responseTimeColour": 37.7832031
  }
]