[
  {
    "participantID": "25",
    "instanceName": "BU17",
    "seqBall": 1,
    "urnPosteriors": [
      10.0,
      20.0,
      30.0,
      40.0
    ],
    "colourPosteriors": [
      10.0,
      20.0,
      30.0,
      40.0
    ],
    "responseTimeUrn": 12.7333984,
    "responseTimeColour": 30.7167969
  },
  {
    "participantID": "25",
    "instanceName": "BU17",
    "seqBall": 2,
    "urnPosteriors": [
      30.0,
      40.0,
      10.0,
      20.0
    ],
    "colourPosteriors": [
      25.0,
      45.0,
      5.0,
      25.0
    ],
    "responseTimeUrn": 21.11621,
    "responseTimeColour": 40.90039
  },
  {
    "participantID": "25",
    "instanceName": "BU17",
    "seqBall": 3,
    "urnPosteriors": [
      15.0,
      35.0,
      15.0,
      35.0
    ],
    "colourPosteriors": [
      15.0,
      35.0,
      15.0,
      35.0
    ],
    "responseTimeUrn": 83.16699,
    "responseTimeColour": 48.0
  }
]