[
  {
    "participantID": "25",
    "instanceName": "BU7",
    "seqBall": 1,
    "urnPosteriors": [
      20.0,
      33.0,
      47.0
    ],
    "colourPosteriors": [
      50.0,
      50.0
    ],
    "responseTimeUrn": 42.8334961,
    "responseTimeColour": 17.25
  },
  {
    "participantID": "25",
    "instanceName": "BU7",
    "seqBall": 2,
    "urnPosteriors": [
      25.0,
      30.0,
      45.0
    ],
    "colourPosteriors": [
      40.0,
      60.0
    ],
    "responseTimeUrn": 83.1499,
    "responseTimeColour": 18.6499023
  },
  {
    "participantID": "25",
    "instanceName": "BU7",
    "seqBall": 3,
    "urnPosteriors": [
      40.0,
      30.0,
      30.0
    ],
    "colourPosteriors": [
      45.0,
      55.0
    ],
    "responseTimeUrn": 39.1167,
    "responseTimeColour": 19.3334961
  }
]