[
  {
    "participantID": "25",
    "instanceName": "BU12",
    "seqBall": 1,
    "urnPosteriors": [
      50.0,
      35.0,
      15.0
    ],
    "colourPosteriors": [
      25.0,
      25.0,
      25.0,
      25.0
    ],
    "responseTimeUrn": 61.9667969,
    "responseTimeColour": 16.0332031
  },
  {
    "participantID": "25",
    "instanceName": "BU12",
    "seqBall": 2,
    "urnPosteriors": [
      50.0,
      40.0,
      10.0
    ],
    "colourPosteriors": [
      40.0,
      27.0,
      18.0,
      15.0
    ],
    "responseTimeUrn": 11.7324219,
    "responseTimeColour": 37.9169922
  },
  {
    "participantID": "25",
    "instanceName": "BU12",
    "seqBall": 3,
    "urnPosteriors": [
      55.0,
      35.0,
      10.0
    ],
    "colourPosteriors": [
      40.0,
      40.0,
      15.0,
      5.0
    ],
    "responseTimeUrn": 12.9160156,
    "responseTimeColour": 30.2675781
  }
]