[
  {
    "participantID": "25",
    "instanceName": "BU11",
    "seqBall": 1,
    "urnPosteriors": [
      31.0,
      31.0,
      38.0
    ],
    "colourPosteriors": [
      26.0,
      24.0,
      24.0,
      26.0
    ],
    "responseTimeUrn": 23.9169922,
    "responseTimeColour": 37.3667
  },
  {
    "participantID": "25",
    "instanceName": "BU11",
    "seqBall": 2,
    "urnPosteriors": [
      20.0,
      35.0,
      45.0
    ],
    "colourPosteriors": [
      20.0,
      20.0,
      30.0,
      30.0
    ],
    "responseTimeUrn": 35.449707,
    "responseTimeColour": 42.1835938
  },
  {
    "participantID": "25",
    "instanceName": "BU11",
    "seqBall": 3,
    "urnPosteriors": [
      15.0,
      35.0,
      50.0
    ],
    "colourPosteriors": [
      10.0,
      10.0,
      30.0,
      50.0
    ],
    "responseTimeUrn": 20.9833984,
    "responseTimeColour": 27.0332031
  }
]