[
  {
    "participantID": "16",
    "instanceName": "BU18",
    "seqBall": 1,
    "urnPosteriors": [
      10.0,
      20.0,
      30.0,
      40.0
    ],
    "colourPosteriors": [
      20.0,
      22.0,
      28.0,
      30.0
    ],
    "responseTimeUrn": 20.7998047,
    "responseTimeColour": 93.65039
  },
  {
    "participantID": "16",
    "instanceName": "BU18",
    "seqBall": 2,
    "urnPosteriors": [
      5.0,
      5.0,
      45.0,
      45.0
    ],
    "colourPosteriors": [
      19.0,
      19.0,
      31.0,
      31.0
    ],
    "responseTimeUrn": 158.3164,
    "responseTimeColour": 162.400391
  },
  {
    "participantID": "16",
    "instanceName": "BU18",
    "seqBall": 3,
    "urnPosteriors": [
      3.0,
      1.0,
      49.0,
      47.0
    ],
    "colourPosteriors": [
      16.0,
      15.0,
      36.0,
      33.0
    ],
    "responseTimeUrn": 141.7666,
    "responseTimeColour": 129.133789
  }
]