[
  {
    "participantID": "34",
    "instanceName": "BU5",
    "seqBall": 1,
    "urnPosteriors": [
      40.0,
      60.0
    ],
    "colourPosteriors": [
      10.0,
      20.0,
      30.0,
      40.0
    ],
    "responseTimeUrn": 20.0830078,
    "responseTimeColour": 28.2001953
  },
  {
    "participantID": "34",
    "instanceName": "BU5",
    "seqBall": 2,
    "urnPosteriors": [
      35.0,
      65.0
    ],
    "colourPosteriors": [
      10.0,
      20.0,
      30.0,
      40.0
    ],
    "responseTimeUrn": 18.2333984,
    "responseTimeColour": 6.01660156
  },
  {
    "participantID": "34",
    "instanceName": "BU5",
    "seqBall": 3,
    "urnPosteriors": [
      25.0,
      75.0
    ],
    "colourPosteriors": [
      10.0,
      20.0,
      30.0,
      40.0
    ],
    "responseTimeUrn": 11.7333984,
    "responseTimeColour": 3.79980469
  }
]