[
  {
    "participantID": "34",
    "instanceName": "BU15",
    "seqBall": 1,
    "urnPosteriors": [
      10.0,
      60.0,
      5.0,
      25.0
    ],
    "colourPosteriors": [
      10.0,
      70.0,
      20.0
    ],
    "responseTimeUrn": 304.7832,
    "responseTimeColour": 30.1000977
  },
  {
    "participantID": "34",
    "instanceName": "BU15",
    "seqBall": 2,
    "urnPosteriors": [
      42.0,
      42.0,
      6.0,
      10.0
    ],
    "colourPosteriors": [
      70.0,
      20.0,
      10.0
    ],
    "responseTimeUrn": 104.066406,
    "responseTimeColour": 28.8168945
  },
  {
    "participantID": "34",
    "instanceName": "BU15",
    "seqBall": 3,
    "urnPosteriors": [
      13.0,
      13.0,
      13.0,
      61.0
    ],
    "colourPosteriors": [
      30.0,
      40.0,
      30.0
    ],
    "responseTimeUrn": 82.9668,
    "responseTimeColour": 23.8833
  }
]