[
  {
    "participantID": "34",
    "instanceName": "BU9",
    "seqBall": 1,
    "urnPosteriors": [
      10.0,
      20.0,
      70.0
    ],
    "colourPosteriors": [
      20.0,
      10.0,
      70.0
    ],
    "responseTimeUrn": 24.5166016,
    "responseTimeColour": 24.2333984
  },
  {
    "participantID": "34",
    "instanceName": "BU9",
    "seqBall": 2,
    "urnPosteriors": [
      10.0,
      20.0,
      70.0
    ],
    "colourPosteriors": [
      20.0,
      10.0,
      70.0
    ],
    "responseTimeUrn": 9.083008,
    "responseTimeColour": 3.25
  },
  {
    "participantID": "34",
    "instanceName": "BU9",
    "seqBall": 3,
    "urnPosteriors": [
      10.0,
      20.0,
      70.0
    ],
    "colourPosteriors": [
      20.0,
      10.0,
      70.0
    ],
    "responseTimeUrn": 6.93359375,
    "responseTimeColour": 8.516602
  }
]