[
  {
    "participantID": "34",
    "instanceName": "BU13",
    "seqBall": 1,
    "urnPosteriors": [
      35.0,
      30.0,
      20.0,
      15.0
    ],
    "colourPosteriors": [
      70.0,
      30.0
    ],
    "responseTimeUrn": 92.13281,
    "responseTimeColour": 15.9335938
  },
  {
    "participantID": "34",
    "instanceName": "BU13",
    "seqBall": 2,
    "urnPosteriors": [
      30.0,
      35.0,
      20.0,
      15.0
    ],
    "colourPosteriors": [
      60.0,
      40.0
    ],
    "responseTimeUrn": 60.4834,
    "responseTimeColour": 19.0664063
  },
  {
    "participantID": "34",
    "instanceName": "BU13",
    "seqBall": 3,
    "urnPosteriors": [
      5.0,
      30.0,
      35.0,
      30.0
    ],
    "colourPosteriors": [
      40.0,
      60.0
    ],
    "responseTimeUrn": 56.5498047,
    "responseTimeColour": 24.4335938
  }
]