[
  {
    "participantID": "34",
    "instanceName": "BU7",
    "seqBall": 1,
    "urnPosteriors": [
      20.0,
      33.0,
      47.0
    ],
    "colourPosteriors": [
      30.0,
      70.0
    ],
    "responseTimeUrn": 105.4834,
    "responseTimeColour": 23.6000977
  },
  {
    "participantID": "34",
    "instanceName": "BU7",
    "seqBall": 2,
    "urnPosteriors": [
      16.0,
      34.0,
      50.0
    ],
    "colourPosteriors": [
      30.0,
      70.0
    ],
    "responseTimeUrn": 40.8999023,
    "responseTimeColour": 9.033203
  },
  {
    "participantID": "34",
    "instanceName": "BU7",
    "seqBall": 3,
    "urnPosteriors": [
      16.0,
      34.0,
      50.0
    ],
    "colourPosteriors": [
      30.0,
      70.0
    ],
    "responseTimeUrn": 5.43359375,
    "responseTimeColour": 3.5
  }
]