[
  {
    "participantID": "34",
    "instanceName": "BUPractice",
    "seqBall": 1,
    "urnPosteriors": [
      40.0,
      60.0
    ],
    "colourPosteriors": [
      50.0,
      50.0
    ],
    "responseTimeUrn": 28.1000977,
    "responseTimeColour": 35.8168945
  },
  {
    "participantID": "34",
    "instanceName": "BUPractice",
    "seqBall": 2,
    "urnPosteriors": [
      33.0,
      67.0
    ],
    "colourPosteriors": [
      40.0,
      60.0
    ],
    "responseTimeUrn": 132.3164,
    "responseTimeColour": 54.1669922
  },
  {
    "participantID": "34",
    "instanceName": "BUPractice",
    "seqBall": 3,
    "urnPosteriors": [
      40.0,
      60.0
    ],
    "colourPosteriors": [
      40.0,
      60.0
    ],
    "responseTimeUrn": 36.2167969,
    "responseTimeColour": 39.2666
  }
]