[
  {
    "participantID": "17",
    "instanceName": "BU3",
    "seqBall": 1,
    "urnPosteriors": [
      60.0,
      40.0
    ],
    "colourPosteriors": [
      20.0,
      10.0,
      70.0
    ],
    "responseTimeUrn": 16.8334961,
    "responseTimeColour": 58.7998047
  },
  {
    "participantID": "17",
    "instanceName": "BU3",
    "seqBall": 2,
    "urnPosteriors": [
      70.0,
      30.0
    ],
    "colourPosteriors": [
      50.0,
      10.0,
      40.0
    ],
    "responseTimeUrn": 14.9335938,
    "responseTimeColour": 16.1831055
  },
  {
    "participantID": "17",
    "instanceName": "BU3",
    "seqBall": 3,
    "urnPosteriors": [
      80.0,
      20.0
    ],
    "colourPosteriors": [
      60.0,
      25.0,
      15.0
    ],
    "responseTimeUrn": 7.583008,
    "responseTimeColour": 33.2334
  }
]