[
  {
    "participantID": "17",
    "instanceName": "BU18",
    "seqBall": 1,
    "urnPosteriors": [
      10.0,
      20.0,
      30.0,
      40.0
    ],
    "colourPosteriors": [
      10.0,
      20.0,
      30.0,
      40.0
    ],
    "responseTimeUrn": 18.65039,
    "responseTimeColour": 15.7998047
  },
  {
    "participantID": "17",
    "instanceName": "BU18",
    "seqBall": 2,
    "urnPosteriors": [
      10.0,
      20.0,
      35.0,
      35.0
    ],
    "colourPosteriors": [
      10.0,
      10.0,
      40.0,
      40.0
    ],
    "responseTimeUrn": 13.3999023,
    "responseTimeColour": 32.2666
  },
  {
    "participantID": "17",
    "instanceName": "BU18",
    "seqBall": 3,
    "urnPosteriors": [
      10.0,
      20.0,
      40.0,
      30.0
    ],
    "colourPosteriors": [
      20.0,
      10.0,
      40.0,
      30.0
    ],
    "responseTimeUrn": 15.0,
    "responseTimeColour": 40.0332031
  }
]