[
  {
    "participantID": "17",
    "instanceName": "BU17",
    "seqBall": 1,
    "urnPosteriors": [
      10.0,
      20.0,
      30.0,
      40.0
    ],
    "colourPosteriors": [
      10.0,
      20.0,
      30.0,
      40.0
    ],
    "responseTimeUrn": 49.6669922,
    "responseTimeColour": 25.5332031
  },
  {
    "participantID": "17",
    "instanceName": "BU17",
    "seqBall": 2,
    "urnPosteriors": [
      10.0,
      30.0,
      20.0,
      40.0
    ],
    "colourPosteriors": [
      30.0,
      30.0,
      20.0,
      20.0
    ],
    "responseTimeUrn": 25.2666016,
    "responseTimeColour": 53.1835938
  },
  {
    "participantID": "17",
    "instanceName": "BU17",
    "seqBall": 3,
    "urnPosteriors": [
      10.0,
      30.0,
      10.0,
      50.0
    ],
    "colourPosteriors": [
      30.0,
      30.0,
      20.0,
      20.0
    ],
    "responseTimeUrn": 40.0830078,
    "responseTimeColour": 7.5
  }
]