[
  {
    "participantID": "17",
    "instanceName": "BU15",
    "seqBall": 1,
    "urnPosteriors": [
      20.0,
      40.0,
      10.0,
      30.0
    ],
    "colourPosteriors": [
      20.0,
      50.0,
      30.0
    ],
    "responseTimeUrn": 26.5,
    "responseTimeColour": 22.8500977
  },
  {
    "participantID": "17",
    "instanceName": "BU15",
    "seqBall": 2,
    "urnPosteriors": [
      30.0,
      20.0,
      10.0,
      40.0
    ],
    "colourPosteriors": [
      30.0,
      40.0,
      30.0
    ],
    "responseTimeUrn": 30.15039,
    "responseTimeColour": 16.1665039
  },
  {
    "participantID": "17",
    "instanceName": "BU15",
    "seqBall": 3,
    "urnPosteriors": [
      20.0,
      40.0,
      20.0,
      20.0
    ],
    "colourPosteriors": [
      30.0,
      40.0,
      30.0
    ],
    "responseTimeUrn": 25.0332031,
    "responseTimeColour": 3.083496
  }
]