[
  {
    "participantID": "12",
    "instanceName": "BU5",
    "seqBall": 1,
    "urnPosteriors": [
      40.0,
      60.0
    ],
    "colourPosteriors": [
      40.0,
      30.0,
      20.0,
      10.0
    ],
    "responseTimeUrn": 17.2666016,
    "responseTimeColour": 28.199707
  },
  {
    "participantID": "12",
    "instanceName": "BU5",
    "seqBall": 2,
    "urnPosteriors": [
      20.0,
      80.0
    ],
    "colourPosteriors": [
      10.0,
      20.0,
      30.0,
      40.0
    ],
    "responseTimeUrn": 17.3500977,
    "responseTimeColour": 24.6831055
  },
  {
    "participantID": "12",
    "instanceName": "BU5",
    "seqBall": 3,
    "urnPosteriors": [
      20.0,
      80.0
    ],
    "colourPosteriors": [
      10.0,
      20.0,
      30.0,
      40.0
    ],
    "responseTimeUrn": 7.70019531,
    "responseTimeColour": 7.783203
  }
]