[
  {
    "participantID": "12",
    "instanceName": "BUPractice",
    "seqBall": 1,
    "urnPosteriors": [
      38.0,
      62.0
    ],
    "colourPosteriors": [
      33.0,
      67.0
    ],
    "responseTimeUrn": 32.3164063,
    "responseTimeColour": 28.0834961
  },
  {
    "participantID": "12",
    "instanceName": "BUPractice",
    "seqBall": 2,
    "urnPosteriors": [
      30.0,
      70.0
    ],
    "colourPosteriors": [
      25.0,
      75.0
    ],
    "responseTimeUrn": 21.1333,
    "responseTimeColour": 18.6665039
  },
  {
    "participantID": "12",
    "instanceName": "BUPractice",
    "seqBall": 3,
    "urnPosteriors": [
      17.0,
      83.0
    ],
    "colourPosteriors": [
      10.0,
      90.0
    ],
    "responseTimeUrn": 19.1499023,
    "responseTimeColour": 20.949707
  }
]