[
  {
    "participantID": "2",
    "instanceName": "BU18",
    "seqBall": 1,
    "urnPosteriors": [
      10.0,
      20.0,
      30.0,
      40.0
    ],
    "colourPosteriors": [
      11.0,
      22.0,
      33.0,
      34.0
    ],
    "responseTimeUrn": 23.15039,
    "responseTimeColour": 44.84961
  },
  {
    "participantID": "2",
    "instanceName": "BU18",
    "seqBall": 2,
    "urnPosteriors": [
      20.0,
      10.0,
      40.0,
      30.0
    ],
    "colourPosteriors": [
      22.0,
      11.0,
      34.0,
      33.0
    ],
    "responseTimeUrn": 19.5004883,
    "responseTimeColour": 19.5830078
  },
  {
    "participantID": "2",
    "instanceName": "BU18",
    "seqBall": 3,
    "urnPosteriors": [
      15.0,
      5.0,
      45.0,
      35.0
    ],
    "colourPosteriors": [
      22.0,
      11.0,
      34.0,
      33.0
    ],
    "responseTimeUrn": 39.4834,
    "responseTimeColour": 8.133301
  }
]