[
  {
    "participantID": "2",
    "instanceName": "BU12",
    "seqBall": 1,
    "urnPosteriors": [
      50.0,
      37.0,
      13.0
    ],
    "colourPosteriors": [
      33.0,
      33.0,
      22.0,
      12.0
    ],
    "responseTimeUrn": 49.21631,
    "responseTimeColour": 29.3833
  },
  {
    "participantID": "2",
    "instanceName": "BU12",
    "seqBall": 2,
    "urnPosteriors": [
      65.0,
      30.0,
      5.0
    ],
    "colourPosteriors": [
      33.0,
      33.0,
      22.0,
      12.0
    ],
    "responseTimeUrn": 14.2998047,
    "responseTimeColour": 3.89990234
  },
  {
    "participantID": "2",
    "instanceName": "BU12",
    "seqBall": 3,
    "urnPosteriors": [
      70.0,
      25.0,
      5.0
    ],
    "colourPosteriors": [
      44.0,
      22.0,
      22.0,
      12.0
    ],
    "responseTimeUrn": 12.1835938,
    "responseTimeColour": 19.7333984
  }
]