[
  {
    "participantID": "27",
    "instanceName": "BU1",
    "seqBall": 1,
    "urnPosteriors": [
      30.0,
      70.0
    ],
    "colourPosteriors": [
      38.0,
      62.0
    ],
    "responseTimeUrn": 33.3164063,
    "responseTimeColour": 35.8667
  },
  {
    "participantID": "27",
    "instanceName": "BU1",
    "seqBall": 2,
    "urnPosteriors": [
      40.0,
      60.0
    ],
    "colourPosteriors": [
      45.0,
      55.0
    ],
    "responseTimeUrn": 29.699707,
    "responseTimeColour": 27.0
  },
  {
    "participantID": "27",
    "instanceName": "BU1",
    "seqBall": 3,
    "urnPosteriors": [
      36.0,
      64.0
    ],
    "colourPosteriors": [
      42.0,
      58.0
    ],
    "responseTimeUrn": 15.2333984,
    "responseTimeColour": 14.6333008
  }
]