[
  {
    "participantID": "27",
    "instanceName": "BU5",
    "seqBall": 1,
    "urnPosteriors": [
      40.0,
      60.0
    ],
    "colourPosteriors": [
      15.0,
      24.0,
      26.0,
      35.0
    ],
    "responseTimeUrn": 23.3671875,
    "responseTimeColour": 164.96582
  },
  {
    "participantID": "27",
    "instanceName": "BU5",
    "seqBall": 2,
    "urnPosteriors": [
      35.0,
      65.0
    ],
    "colourPosteriors": [
      12.0,
      22.0,
      28.0,
      38.0
    ],
    "responseTimeUrn": 15.9003906,
    "responseTimeColour": 25.2001953
  },
  {
    "participantID": "27",
    "instanceName": "BU5",
    "seqBall": 3,
    "urnPosteriors": [
      29.0,
      71.0
    ],
    "colourPosteriors": [
      10.0,
      20.0,
      30.0,
      40.0
    ],
    "responseTimeUrn": 8.283203,
    "responseTimeColour": 19.7167969
  }
]