[
  {
    "participantID": "27",
    "instanceName": "BU11",
    "seqBall": 1,
    "urnPosteriors": [
      29.0,
      29.0,
      42.0
    ],
    "colourPosteriors": [
      12.0,
      24.0,
      30.0,
      34.0
    ],
    "responseTimeUrn": 105.300293,
    "responseTimeColour": 120.25
  },
  {
    "participantID": "27",
    "instanceName": "BU11",
    "seqBall": 2,
    "urnPosteriors": [
      21.0,
      29.0,
      50.0
    ],
    "colourPosteriors": [
      9.0,
      24.0,
      30.0,
      37.0
    ],
    "responseTimeUrn": 59.50049,
    "responseTimeColour": 352.5
  },
  {
    "participantID": "27",
    "instanceName": "BU11",
    "seqBall": 3,
    "urnPosteriors": [
      16.0,
      27.0,
      57.0
    ],
    "colourPosteriors": [
      10.0,
      20.0,
      30.0,
      40.0
    ],
    "responseTimeUrn": 99.5166,
    "responseTimeColour": 50.28369
  }
]