[
  {
    "participantID": "18",
    "instanceName": "BU12",
    "seqBall": 1,
    "urnPosteriors": [
      50.0,
      37.0,
      13.0
    ],
    "colourPosteriors": [
      25.0,
      24.0,
      24.0,
      27.0
    ],
    "responseTimeUrn": 57.2979736,
    "responseTimeColour": 86.0969238
  },
  {
    "participantID": "18",
    "instanceName": "BU12",
    "seqBall": 2,
    "urnPosteriors": [
      56.0,
      38.0,
      6.0
    ],
    "colourPosteriors": [
      24.0,
      23.0,
      23.0,
      30.0
    ],
    "responseTimeUrn": 36.9821777,
    "responseTimeColour": 29.3989258
  },
  {
    "participantID": "18",
    "instanceName": "BU12",
    "seqBall": 3,
    "urnPosteriors": [
      60.0,
      28.0,
      12.0
    ],
    "colourPosteriors": [
      30.0,
      28.0,
      22.0,
      20.0
    ],
    "responseTimeUrn": 55.06482,
    "responseTimeColour": 24.5656738
  }
]