[
  {
    "participantID": "18",
    "instanceName": "BU13",
    "seqBall": 1,
    "urnPosteriors": [
      35.0,
      30.0,
      20.0,
      15.0
    ],
    "colourPosteriors": [
      52.0,
      48.0
    ],
    "responseTimeUrn": 142.128235,
    "responseTimeColour": 11.8162231
  },
  {
    "participantID": "18",
    "instanceName": "BU13",
    "seqBall": 2,
    "urnPosteriors": [
      20.0,
      30.0,
      30.0,
      20.0
    ],
    "colourPosteriors": [
      50.0,
      50.0
    ],
    "responseTimeUrn": 93.68005,
    "responseTimeColour": 23.2658081
  },
  {
    "participantID": "18",
    "instanceName": "BU13",
    "seqBall": 3,
    "urnPosteriors": [
      15.0,
      23.0,
      29.0,
      33.0
    ],
    "colourPosteriors": [
      47.0,
      53.0
    ],
    "responseTimeUrn": 85.9636841,
    "responseTimeColour": 8.532959
  }
]