[
  {
    "participantID": "18",
    "instanceName": "BU17",
    "seqBall": 1,
    "urnPosteriors": [
      10.0,
      20.0,
      30.0,
      40.0
    ],
    "colourPosteriors": [
      15.0,
      20.0,
      30.0,
      35.0
    ],
    "responseTimeUrn": 23.2993164,
    "responseTimeColour": 45.7148438
  },
  {
    "participantID": "18",
    "instanceName": "BU17",
    "seqBall": 2,
    "urnPosteriors": [
      15.0,
      30.0,
      25.0,
      30.0
    ],
    "colourPosteriors": [
      25.0,
      25.0,
      25.0,
      25.0
    ],
    "responseTimeUrn": 33.19873,
    "responseTimeColour": 18.565918
  },
  {
    "participantID": "18",
    "instanceName": "BU17",
    "seqBall": 3,
    "urnPosteriors": [
      13.0,
      27.0,
      28.0,
      32.0
    ],
    "colourPosteriors": [
      23.0,
      20.0,
      27.0,
      30.0
    ],
    "responseTimeUrn": 28.14917,
    "responseTimeColour": 20.33252
  }
]