[
  {
    "participantID": "6",
    "instanceName": "BU9",
    "seqBall": 1,
    "urnPosteriors": [
      25.0,
      25.0,
      50.0
    ],
    "colourPosteriors": [
      15.0,
      25.0,
      60.0
    ],
    "responseTimeUrn": 21.3994141,
    "responseTimeColour": 19.5991211
  },
  {
    "participantID": "6",
    "instanceName": "BU9",
    "seqBall": 2,
    "urnPosteriors": [
      25.0,
      25.0,
      50.0
    ],
    "colourPosteriors": [
      15.0,
      25.0,
      60.0
    ],
    "responseTimeUrn": 2.46679688,
    "responseTimeColour": 5.54980469
  },
  {
    "participantID": "6",
    "instanceName": "BU9",
    "seqBall": 3,
    "urnPosteriors": [
      10.0,
      30.0,
      60.0
    ],
    "colourPosteriors": [
      20.0,
      10.0,
      70.0
    ],
    "responseTimeUrn": 35.06543,
    "responseTimeColour": 15.2666016
  }
]