[
  {
    "participantID": "6",
    "instanceName": "BU1",
    "seqBall": 1,
    "urnPosteriors": [
      65.0,
      35.0
    ],
    "colourPosteriors": [
      30.0,
      70.0
    ],
    "responseTimeUrn": 19.0830078,
    "responseTimeColour": 21.8989258
  },
  {
    "participantID": "6",
    "instanceName": "BU1",
    "seqBall": 2,
    "urnPosteriors": [
      55.0,
      45.0
    ],
    "colourPosteriors": [
      65.0,
      35.0
    ],
    "responseTimeUrn": 18.4995117,
    "responseTimeColour": 17.4995117
  },
  {
    "participantID": "6",
    "instanceName": "BU1",
    "seqBall": 3,
    "urnPosteriors": [
      35.0,
      65.0
    ],
    "colourPosteriors": [
      40.0,
      60.0
    ],
    "responseTimeUrn": 15.33252,
    "responseTimeColour": 13.7993164
  }
]