[
  {
    "participantID": "6",
    "instanceName": "BU15",
    "seqBall": 1,
    "urnPosteriors": [
      12.0,
      50.0,
      13.0,
      25.0
    ],
    "colourPosteriors": [
      25.0,
      32.0,
      43.0
    ],
    "responseTimeUrn": 23.8657227,
    "responseTimeColour": 26.7319336
  },
  {
    "participantID": "6",
    "instanceName": "BU15",
    "seqBall": 2,
    "urnPosteriors": [
      35.0,
      20.0,
      15.0,
      30.0
    ],
    "colourPosteriors": [
      50.0,
      30.0,
      20.0
    ],
    "responseTimeUrn": 49.79834,
    "responseTimeColour": 71.83057
  },
  {
    "participantID": "6",
    "instanceName": "BU15",
    "seqBall": 3,
    "urnPosteriors": [
      25.0,
      20.0,
      15.0,
      40.0
    ],
    "colourPosteriors": [
      25.0,
      50.0,
      25.0
    ],
    "responseTimeUrn": 30.0820313,
    "responseTimeColour": 49.2148438
  }
]