[
  {
    "participantID": "6",
    "instanceName": "BU16",
    "seqBall": 1,
    "urnPosteriors": [
      45.0,
      10.0,
      15.0,
      30.0
    ],
    "colourPosteriors": [
      50.0,
      35.0,
      15.0
    ],
    "responseTimeUrn": 49.04785,
    "responseTimeColour": 36.6489258
  },
  {
    "participantID": "6",
    "instanceName": "BU16",
    "seqBall": 2,
    "urnPosteriors": [
      15.0,
      15.0,
      35.0,
      35.0
    ],
    "colourPosteriors": [
      25.0,
      25.0,
      50.0
    ],
    "responseTimeUrn": 35.465332,
    "responseTimeColour": 24.9321289
  },
  {
    "participantID": "6",
    "instanceName": "BU16",
    "seqBall": 3,
    "urnPosteriors": [
      15.0,
      15.0,
      45.0,
      25.0
    ],
    "colourPosteriors": [
      20.0,
      20.0,
      60.0
    ],
    "responseTimeUrn": 10.5327148,
    "responseTimeColour": 12.7998047
  }
]