[
  {
    "participantID": "6",
    "instanceName": "BU5",
    "seqBall": 1,
    "urnPosteriors": [
      55.0,
      45.0
    ],
    "colourPosteriors": [
      35.0,
      30.0,
      20.0,
      15.0
    ],
    "responseTimeUrn": 10.5664063,
    "responseTimeColour": 44.9648438
  },
  {
    "participantID": "6",
    "instanceName": "BU5",
    "seqBall": 2,
    "urnPosteriors": [
      40.0,
      60.0
    ],
    "colourPosteriors": [
      10.0,
      25.0,
      30.0,
      35.0
    ],
    "responseTimeUrn": 11.2832031,
    "responseTimeColour": 45.331543
  },
  {
    "participantID": "6",
    "instanceName": "BU5",
    "seqBall": 3,
    "urnPosteriors": [
      25.0,
      75.0
    ],
    "colourPosteriors": [
      10.0,
      20.0,
      35.0,
      35.0
    ],
    "responseTimeUrn": 17.9663086,
    "responseTimeColour": 14.7661133
  }
]