[
  {
    "participantID": "44",
    "instanceName": "BU12",
    "seqBall": 1,
    "urnPosteriors": [
      50.0,
      35.0,
      15.0
    ],
    "colourPosteriors": [
      40.0,
      30.0,
      20.0,
      10.0
    ],
    "responseTimeUrn": 41.3833,
    "responseTimeColour": 16.800293
  },
  {
    "participantID": "44",
    "instanceName": "BU12",
    "seqBall": 2,
    "urnPosteriors": [
      60.0,
      35.0,
      5.0
    ],
    "colourPosteriors": [
      40.0,
      30.0,
      20.0,
      10.0
    ],
    "responseTimeUrn": 26.6831055,
    "responseTimeColour": 4.31689453
  },
  {
    "participantID": "44",
    "instanceName": "BU12",
    "seqBall": 3,
    "urnPosteriors": [
      55.0,
      40.0,
      5.0
    ],
    "colourPosteriors": [
      40.0,
      30.0,
      20.0,
      10.0
    ],
    "responseTimeUrn": 29.6333,
    "responseTimeColour": 4.28369141
  }
]