[
  {
    "participantID": "65",
    "instanceName": "BU12",
    "seqBall": 1,
    "urnPosteriors": [
      60.0,
      30.0,
      10.0
    ],
    "colourPosteriors": [
      40.0,
      20.0,
      20.0,
      20.0
    ],
    "responseTimeUrn": 42.38379,
    "responseTimeColour": 99.2998047
  },
  {
    "participantID": "65",
    "instanceName": "BU12",
    "seqBall": 2,
    "urnPosteriors": [
      70.0,
      30.0,
      0.0
    ],
    "colourPosteriors": [
      30.0,
      40.0,
      20.0,
      10.0
    ],
    "responseTimeUrn": 17.0166016,
    "responseTimeColour": 29.01709
  },
  {
    "participantID": "65",
    "instanceName": "BU12",
    "seqBall": 3,
    "urnPosteriors": [
      70.0,
      30.0,
      0.0
    ],
    "colourPosteriors": [
      35.0,
      35.0,
      20.0,
      10.0
    ],
    "responseTimeUrn": 47.6000977,
    "responseTimeColour": 39.6167
  }
]