[
  {
    "participantID": "65",
    "instanceName": "BU9",
    "seqBall": 1,
    "urnPosteriors": [
      10.0,
      35.0,
      55.0
    ],
    "colourPosteriors": [
      40.0,
      10.0,
      50.0
    ],
    "responseTimeUrn": 51.1000977,
    "responseTimeColour": 39.6000977
  },
  {
    "participantID": "65",
    "instanceName": "BU9",
    "seqBall": 2,
    "urnPosteriors": [
      0.0,
      25.0,
      75.0
    ],
    "colourPosteriors": [
      30.0,
      10.0,
      60.0
    ],
    "responseTimeUrn": 30.9667969,
    "responseTimeColour": 27.2666016
  },
  {
    "participantID": "65",
    "instanceName": "BU9",
    "seqBall": 3,
    "urnPosteriors": [
      0.0,
      20.0,
      80.0
    ],
    "colourPosteriors": [
      30.0,
      20.0,
      50.0
    ],
    "responseTimeUrn": 17.7666016,
    "responseTimeColour": 23.6333
  }
]