[
  {
    "participantID": "65",
    "instanceName": "BU18",
    "seqBall": 1,
    "urnPosteriors": [
      10.0,
      20.0,
      35.0,
      35.0
    ],
    "colourPosteriors": [
      10.0,
      20.0,
      30.0,
      40.0
    ],
    "responseTimeUrn": 40.86621,
    "responseTimeColour": 27.550293
  },
  {
    "participantID": "65",
    "instanceName": "BU18",
    "seqBall": 2,
    "urnPosteriors": [
      5.0,
      15.0,
      40.0,
      40.0
    ],
    "colourPosteriors": [
      10.0,
      30.0,
      20.0,
      40.0
    ],
    "responseTimeUrn": 49.4335938,
    "responseTimeColour": 39.3168945
  },
  {
    "participantID": "65",
    "instanceName": "BU18",
    "seqBall": 3,
    "urnPosteriors": [
      10.0,
      0.0,
      40.0,
      50.0
    ],
    "colourPosteriors": [
      10.0,
      35.0,
      10.0,
      45.0
    ],
    "responseTimeUrn": 39.449707,
    "responseTimeColour": 109.434082
  }
]