[
  {
    "participantID": "15",
    "instanceName": "BU13",
    "seqBall": 1,
    "urnPosteriors": [
      25.0,
      25.0,
      25.0,
      25.0
    ],
    "colourPosteriors": [
      54.0,
      46.0
    ],
    "responseTimeUrn": 16.3667,
    "responseTimeColour": 79.1665039
  },
  {
    "participantID": "15",
    "instanceName": "BU13",
    "seqBall": 2,
    "urnPosteriors": [
      22.0,
      28.0,
      28.0,
      22.0
    ],
    "colourPosteriors": [
      50.0,
      50.0
    ],
    "responseTimeUrn": 82.8334961,
    "responseTimeColour": 38.25
  },
  {
    "participantID": "15",
    "instanceName": "BU13",
    "seqBall": 3,
    "urnPosteriors": [
      15.0,
      20.0,
      32.0,
      33.0
    ],
    "colourPosteriors": [
      45.0,
      55.0
    ],
    "responseTimeUrn": 148.867188,
    "responseTimeColour": 33.6167
  }
]