[
  {
    "participantID": "15",
    "instanceName": "BU17",
    "seqBall": 1,
    "urnPosteriors": [
      10.0,
      20.0,
      30.0,
      40.0
    ],
    "colourPosteriors": [
      20.0,
      22.0,
      28.0,
      30.0
    ],
    "responseTimeUrn": 18.8999023,
    "responseTimeColour": 63.166748
  },
  {
    "participantID": "15",
    "instanceName": "BU17",
    "seqBall": 2,
    "urnPosteriors": [
      20.0,
      30.0,
      20.0,
      30.0
    ],
    "colourPosteriors": [
      24.0,
      26.0,
      24.0,
      26.0
    ],
    "responseTimeUrn": 105.066895,
    "responseTimeColour": 57.5834961
  },
  {
    "participantID": "15",
    "instanceName": "BU17",
    "seqBall": 3,
    "urnPosteriors": [
      17.0,
      29.0,
      21.0,
      33.0
    ],
    "colourPosteriors": [
      23.0,
      25.0,
      25.0,
      27.0
    ],
    "responseTimeUrn": 170.883545,
    "responseTimeColour": 93.6335449
  }
]