[
  {
    "participantID": "15",
    "instanceName": "BU18",
    "seqBall": 1,
    "urnPosteriors": [
      10.0,
      20.0,
      30.0,
      40.0
    ],
    "colourPosteriors": [
      20.0,
      22.0,
      28.0,
      30.0
    ],
    "responseTimeUrn": 12.25,
    "responseTimeColour": 49.28369
  },
  {
    "participantID": "15",
    "instanceName": "BU18",
    "seqBall": 2,
    "urnPosteriors": [
      15.0,
      15.0,
      35.0,
      35.0
    ],
    "colourPosteriors": [
      21.0,
      21.0,
      29.0,
      29.0
    ],
    "responseTimeUrn": 98.5834961,
    "responseTimeColour": 54.3667
  },
  {
    "participantID": "15",
    "instanceName": "BU18",
    "seqBall": 3,
    "urnPosteriors": [
      17.0,
      13.0,
      37.0,
      33.0
    ],
    "colourPosteriors": [
      21.0,
      21.0,
      30.0,
      28.0
    ],
    "responseTimeUrn": 72.2666,
    "responseTimeColour": 93.5668945
  }
]