[
  {
    "participantID": "49",
    "instanceName": "BUPractice",
    "seqBall": 1,
    "urnPosteriors": [
      40.0,
      60.0
    ],
    "colourPosteriors": [
      60.0,
      40.0
    ],
    "responseTimeUrn": 52.2666,
    "responseTimeColour": 58.30005
  },
  {
    "participantID": "49",
    "instanceName": "BUPractice",
    "seqBall": 2,
    "urnPosteriors": [
      20.0,
      80.0
    ],
    "colourPosteriors": [
      60.0,
      40.0
    ],
    "responseTimeUrn": 42.7334,
    "responseTimeColour": 78.78345
  },
  {
    "participantID": "49",
    "instanceName": "BUPractice",
    "seqBall": 3,
    "urnPosteriors": [
      23.0,
      77.0
    ],
    "colourPosteriors": [
      63.0,
      37.0
    ],
    "responseTimeUrn": 40.68335,
    "responseTimeColour": 21.75
  }
]