[
  {
    "participantID": "49",
    "instanceName": "BU1",
    "seqBall": 1,
    "urnPosteriors": [
      30.0,
      70.0
    ],
    "colourPosteriors": [
      58.0,
      42.0
    ],
    "responseTimeUrn": 23.1000977,
    "responseTimeColour": 32.4331055
  },
  {
    "participantID": "49",
    "instanceName": "BU1",
    "seqBall": 2,
    "urnPosteriors": [
      30.0,
      70.0
    ],
    "colourPosteriors": [
      50.0,
      50.0
    ],
    "responseTimeUrn": 10.3500977,
    "responseTimeColour": 13.7001953
  },
  {
    "participantID": "49",
    "instanceName": "BU1",
    "seqBall": 3,
    "urnPosteriors": [
      25.0,
      75.0
    ],
    "colourPosteriors": [
      60.0,
      40.0
    ],
    "responseTimeUrn": 14.6499023,
    "responseTimeColour": 10.0668945
  }
]