[
  {
    "participantID": "49",
    "instanceName": "BU9",
    "seqBall": 1,
    "urnPosteriors": [
      10.0,
      20.0,
      70.0
    ],
    "colourPosteriors": [
      38.0,
      38.0,
      24.0
    ],
    "responseTimeUrn": 48.5834961,
    "responseTimeColour": 73.4165039
  },
  {
    "participantID": "49",
    "instanceName": "BU9",
    "seqBall": 2,
    "urnPosteriors": [
      0.0,
      15.0,
      85.0
    ],
    "colourPosteriors": [
      42.0,
      42.0,
      16.0
    ],
    "responseTimeUrn": 48.8833,
    "responseTimeColour": 69.4165039
  },
  {
    "participantID": "49",
    "instanceName": "BU9",
    "seqBall": 3,
    "urnPosteriors": [
      0.0,
      10.0,
      90.0
    ],
    "colourPosteriors": [
      35.0,
      55.0,
      10.0
    ],
    "responseTimeUrn": 17.4663086,
    "responseTimeColour": 32.3334961
  }
]