[
  {
    "participantID": "49",
    "instanceName": "BU16",
    "seqBall": 1,
    "urnPosteriors": [
      50.0,
      10.0,
      20.0,
      20.0
    ],
    "colourPosteriors": [
      22.0,
      45.0,
      33.0
    ],
    "responseTimeUrn": 81.75,
    "responseTimeColour": 68.2666
  },
  {
    "participantID": "49",
    "instanceName": "BU16",
    "seqBall": 2,
    "urnPosteriors": [
      42.0,
      8.0,
      28.0,
      22.0
    ],
    "colourPosteriors": [
      23.0,
      47.0,
      30.0
    ],
    "responseTimeUrn": 58.4501953,
    "responseTimeColour": 25.8168945
  },
  {
    "participantID": "49",
    "instanceName": "BU16",
    "seqBall": 3,
    "urnPosteriors": [
      0.0,
      18.0,
      50.0,
      32.0
    ],
    "colourPosteriors": [
      23.0,
      47.0,
      30.0
    ],
    "responseTimeUrn": 109.48291,
    "responseTimeColour": 2.06689453
  }
]