[
  {
    "participantID": "49",
    "instanceName": "BU5",
    "seqBall": 1,
    "urnPosteriors": [
      40.0,
      60.0
    ],
    "colourPosteriors": [
      30.0,
      30.0,
      10.0,
      30.0
    ],
    "responseTimeUrn": 106.4668,
    "responseTimeColour": 65.5166
  },
  {
    "participantID": "49",
    "instanceName": "BU5",
    "seqBall": 2,
    "urnPosteriors": [
      26.0,
      74.0
    ],
    "colourPosteriors": [
      35.0,
      35.0,
      9.0,
      21.0
    ],
    "responseTimeUrn": 25.06665,
    "responseTimeColour": 165.18335
  },
  {
    "participantID": "49",
    "instanceName": "BU5",
    "seqBall": 3,
    "urnPosteriors": [
      0.0,
      100.0
    ],
    "colourPosteriors": [
      38.0,
      38.0,
      11.0,
      13.0
    ],
    "responseTimeUrn": 85.1333,
    "responseTimeColour": 230.783447
  }
]