[
  {
    "participantID": "29",
    "instanceName": "BU13",
    "seqBall": 1,
    "urnPosteriors": [
      35.0,
      30.0,
      20.0,
      15.0
    ],
    "colourPosteriors": [
      47.0,
      53.0
    ],
    "responseTimeUrn": 30.71582,
    "responseTimeColour": 9.517578
  },
  {
    "participantID": "29",
    "instanceName": "BU13",
    "seqBall": 2,
    "urnPosteriors": [
      15.0,
      20.0,
      30.0,
      35.0
    ],
    "colourPosteriors": [
      50.0,
      50.0
    ],
    "responseTimeUrn": 14.5332031,
    "responseTimeColour": 8.333984
  },
  {
    "participantID": "29",
    "instanceName": "BU13",
    "seqBall": 3,
    "urnPosteriors": [
      15.0,
      20.0,
      30.0,
      35.0
    ],
    "colourPosteriors": [
      50.0,
      50.0
    ],
    "responseTimeUrn": 2.23339844,
    "responseTimeColour": 0.9667969
  }
]