[
  {
    "participantID": "29",
    "instanceName": "BU18",
    "seqBall": 1,
    "urnPosteriors": [
      10.0,
      20.0,
      30.0,
      40.0
    ],
    "colourPosteriors": [
      25.0,
      25.0,
      25.0,
      25.0
    ],
    "responseTimeUrn": 16.9667969,
    "responseTimeColour": 12.1826172
  },
  {
    "participantID": "29",
    "instanceName": "BU18",
    "seqBall": 2,
    "urnPosteriors": [
      20.0,
      10.0,
      40.0,
      30.0
    ],
    "colourPosteriors": [
      26.0,
      26.0,
      24.0,
      24.0
    ],
    "responseTimeUrn": 12.4833984,
    "responseTimeColour": 8.883789
  },
  {
    "participantID": "29",
    "instanceName": "BU18",
    "seqBall": 3,
    "urnPosteriors": [
      20.0,
      10.0,
      40.0,
      30.0
    ],
    "colourPosteriors": [
      26.0,
      26.0,
      24.0,
      24.0
    ],
    "responseTimeUrn": 0.7841797,
    "responseTimeColour": 1.0
  }
]