[
  {
    "participantID": "29",
    "instanceName": "BU17",
    "seqBall": 1,
    "urnPosteriors": [
      10.0,
      20.0,
      30.0,
      40.0
    ],
    "colourPosteriors": [
      25.0,
      25.0,
      25.0,
      25.0
    ],
    "responseTimeUrn": 29.84961,
    "responseTimeColour": 36.75
  },
  {
    "participantID": "29",
    "instanceName": "BU17",
    "seqBall": 2,
    "urnPosteriors": [
      30.0,
      40.0,
      10.0,
      20.0
    ],
    "colourPosteriors": [
      28.0,
      22.0,
      28.0,
      22.0
    ],
    "responseTimeUrn": 26.0664063,
    "responseTimeColour": 28.2666016
  },
  {
    "participantID": "29",
    "instanceName": "BU17",
    "seqBall": 3,
    "urnPosteriors": [
      10.0,
      30.0,
      22.0,
      38.0
    ],
    "colourPosteriors": [
      32.0,
      24.0,
      32.0,
      12.0
    ],
    "responseTimeUrn": 75.1494141,
    "responseTimeColour": 73.9834
  }
]