[
  {
    "participantID": "29",
    "instanceName": "BU5",
    "seqBall": 1,
    "urnPosteriors": [
      40.0,
      60.0
    ],
    "colourPosteriors": [
      25.0,
      25.0,
      25.0,
      25.0
    ],
    "responseTimeUrn": 12.6503906,
    "responseTimeColour": 18.6660156
  },
  {
    "participantID": "29",
    "instanceName": "BU5",
    "seqBall": 2,
    "urnPosteriors": [
      20.0,
      80.0
    ],
    "colourPosteriors": [
      25.0,
      25.0,
      25.0,
      25.0
    ],
    "responseTimeUrn": 11.5673828,
    "responseTimeColour": 2.91601563
  },
  {
    "participantID": "29",
    "instanceName": "BU5",
    "seqBall": 3,
    "urnPosteriors": [
      25.0,
      75.0
    ],
    "colourPosteriors": [
      27.0,
      27.0,
      24.0,
      22.0
    ],
    "responseTimeUrn": 13.1162109,
    "responseTimeColour": 20.7001953
  }
]