[
  {
    "participantID": "29",
    "instanceName": "BU16",
    "seqBall": 1,
    "urnPosteriors": [
      55.0,
      7.0,
      15.0,
      23.0
    ],
    "colourPosteriors": [
      30.0,
      37.0,
      33.0
    ],
    "responseTimeUrn": 228.249512,
    "responseTimeColour": 195.3833
  },
  {
    "participantID": "29",
    "instanceName": "BU16",
    "seqBall": 2,
    "urnPosteriors": [
      39.0,
      11.0,
      10.0,
      40.0
    ],
    "colourPosteriors": [
      30.0,
      37.0,
      33.0
    ],
    "responseTimeUrn": 373.3501,
    "responseTimeColour": 301.6665
  },
  {
    "participantID": "29",
    "instanceName": "BU16",
    "seqBall": 3,
    "urnPosteriors": [
      7.0,
      14.0,
      50.0,
      29.0
    ],
    "colourPosteriors": [
      32.0,
      48.0,
      20.0
    ],
    "responseTimeUrn": 454.3833,
    "responseTimeColour": 303.5166
  }
]