[
  {
    "participantID": "29",
    "instanceName": "BUPractice",
    "seqBall": 1,
    "urnPosteriors": [
      40.0,
      60.0
    ],
    "colourPosteriors": [
      48.0,
      52.0
    ],
    "responseTimeUrn": 63.90039,
    "responseTimeColour": 59.2666
  },
  {
    "participantID": "29",
    "instanceName": "BUPractice",
    "seqBall": 2,
    "urnPosteriors": [
      53.0,
      47.0
    ],
    "colourPosteriors": [
      60.0,
      40.0
    ],
    "responseTimeUrn": 178.0166,
    "responseTimeColour": 47.8168945
  },
  {
    "participantID": "29",
    "instanceName": "BUPractice",
    "seqBall": 3,
    "urnPosteriors": [
      23.0,
      77.0
    ],
    "colourPosteriors": [
      56.0,
      44.0
    ],
    "responseTimeUrn": 180.9502,
    "responseTimeColour": 82.4165039
  }
]