[
  {
    "participantID": "29",
    "instanceName": "BU1",
    "seqBall": 1,
    "urnPosteriors": [
      30.0,
      70.0
    ],
    "colourPosteriors": [
      53.0,
      47.0
    ],
    "responseTimeUrn": 10.9667969,
    "responseTimeColour": 17.2998047
  },
  {
    "participantID": "29",
    "instanceName": "BU1",
    "seqBall": 2,
    "urnPosteriors": [
      70.0,
      30.0
    ],
    "colourPosteriors": [
      50.0,
      50.0
    ],
    "responseTimeUrn": 12.8662109,
    "responseTimeColour": 3.883789
  },
  {
    "participantID": "29",
    "instanceName": "BU1",
    "seqBall": 3,
    "urnPosteriors": [
      70.0,
      30.0
    ],
    "colourPosteriors": [
      50.0,
      50.0
    ],
    "responseTimeUrn": 1.71679688,
    "responseTimeColour": 1.18359375
  }
]