[
  {
    "participantID": "29",
    "instanceName": "BU15",
    "seqBall": 1,
    "urnPosteriors": [
      14.0,
      18.0,
      36.0,
      32.0
    ],
    "colourPosteriors": [
      34.0,
      32.0,
      34.0
    ],
    "responseTimeUrn": 86.43262,
    "responseTimeColour": 21.0
  },
  {
    "participantID": "29",
    "instanceName": "BU15",
    "seqBall": 2,
    "urnPosteriors": [
      14.0,
      18.0,
      36.0,
      32.0
    ],
    "colourPosteriors": [
      34.0,
      32.0,
      34.0
    ],
    "responseTimeUrn": 2.79980469,
    "responseTimeColour": 0.7001953
  },
  {
    "participantID": "29",
    "instanceName": "BU15",
    "seqBall": 3,
    "urnPosteriors": [
      14.0,
      18.0,
      36.0,
      32.0
    ],
    "colourPosteriors": [
      34.0,
      32.0,
      34.0
    ],
    "responseTimeUrn": 0.983398438,
    "responseTimeColour": 0.7832031
  }
]