[
  {
    "participantID": "8",
    "instanceName": "BU13",
    "seqBall": 1,
    "urnPosteriors": [
      37.0,
      35.0,
      15.0,
      13.0
    ],
    "colourPosteriors": [
      54.0,
      46.0
    ],
    "responseTimeUrn": 143.3667,
    "responseTimeColour": 26.2001953
  },
  {
    "participantID": "8",
    "instanceName": "BU13",
    "seqBall": 2,
    "urnPosteriors": [
      35.0,
      37.0,
      15.0,
      13.0
    ],
    "colourPosteriors": [
      52.0,
      48.0
    ],
    "responseTimeUrn": 33.93335,
    "responseTimeColour": 29.7167969
  },
  {
    "participantID": "8",
    "instanceName": "BU13",
    "seqBall": 3,
    "urnPosteriors": [
      15.0,
      35.0,
      37.0,
      13.0
    ],
    "colourPosteriors": [
      40.0,
      60.0
    ],
    "responseTimeUrn": 59.6000977,
    "responseTimeColour": 21.416748
  }
]