[
  {
    "participantID": "8",
    "instanceName": "BUPractice",
    "seqBall": 1,
    "urnPosteriors": [
      35.0,
      65.0
    ],
    "colourPosteriors": [
      34.0,
      66.0
    ],
    "responseTimeUrn": 19.9831543,
    "responseTimeColour": 14.6501465
  },
  {
    "participantID": "8",
    "instanceName": "BUPractice",
    "seqBall": 2,
    "urnPosteriors": [
      20.0,
      80.0
    ],
    "colourPosteriors": [
      39.0,
      61.0
    ],
    "responseTimeUrn": 24.666748,
    "responseTimeColour": 21.75
  },
  {
    "participantID": "8",
    "instanceName": "BUPractice",
    "seqBall": 3,
    "urnPosteriors": [
      18.0,
      82.0
    ],
    "colourPosteriors": [
      43.0,
      57.0
    ],
    "responseTimeUrn": 28.8498535,
    "responseTimeColour": 24.0
  }
]