[
  {
    "participantID": "8",
    "instanceName": "BU5",
    "seqBall": 1,
    "urnPosteriors": [
      41.0,
      59.0
    ],
    "colourPosteriors": [
      25.0,
      27.0,
      23.0,
      25.0
    ],
    "responseTimeUrn": 15.5336914,
    "responseTimeColour": 50.2998047
  },
  {
    "participantID": "8",
    "instanceName": "BU5",
    "seqBall": 2,
    "urnPosteriors": [
      41.0,
      59.0
    ],
    "colourPosteriors": [
      20.0,
      25.0,
      25.0,
      30.0
    ],
    "responseTimeUrn": 4.96630859,
    "responseTimeColour": 107.933594
  },
  {
    "participantID": "8",
    "instanceName": "BU5",
    "seqBall": 3,
    "urnPosteriors": [
      42.0,
      58.0
    ],
    "colourPosteriors": [
      10.0,
      25.0,
      30.0,
      35.0
    ],
    "responseTimeUrn": 27.6835938,
    "responseTimeColour": 30.5498047
  }
]