[
  {
    "participantID": "39",
    "instanceName": "BU17",
    "seqBall": 1,
    "urnPosteriors": [
      10.0,
      20.0,
      30.0,
      40.0
    ],
    "colourPosteriors": [
      20.0,
      22.0,
      28.0,
      30.0
    ],
    "responseTimeUrn": 21.21582,
    "responseTimeColour": 116.333984
  },
  {
    "participantID": "39",
    "instanceName": "BU17",
    "seqBall": 2,
    "urnPosteriors": [
      13.0,
      26.0,
      24.0,
      37.0
    ],
    "colourPosteriors": [
      22.0,
      30.0,
      18.0,
      30.0
    ],
    "responseTimeUrn": 39.15039,
    "responseTimeColour": 256.7666
  },
  {
    "participantID": "39",
    "instanceName": "BU17",
    "seqBall": 3,
    "urnPosteriors": [
      10.0,
      23.0,
      28.0,
      39.0
    ],
    "colourPosteriors": [
      21.0,
      22.0,
      25.0,
      32.0
    ],
    "responseTimeUrn": 104.049805,
    "responseTimeColour": 111.916992
  }
]