[
  {
    "participantID": "77",
    "instanceName": "BU15",
    "seqBall": 1,
    "urnPosteriors": [
      15.0,
      60.0,
      5.0,
      20.0
    ],
    "colourPosteriors": [
      20.0,
      40.0,
      40.0
    ],
    "responseTimeUrn": 113.3999,
    "responseTimeColour": 43.6835938
  },
  {
    "participantID": "77",
    "instanceName": "BU15",
    "seqBall": 2,
    "urnPosteriors": [
      60.0,
      15.0,
      10.0,
      15.0
    ],
    "colourPosteriors": [
      40.0,
      30.0,
      30.0
    ],
    "responseTimeUrn": 47.1831055,
    "responseTimeColour": 45.3168945
  },
  {
    "participantID": "77",
    "instanceName": "BU15",
    "seqBall": 3,
    "urnPosteriors": [
      20.0,
      10.0,
      60.0,
      10.0
    ],
    "colourPosteriors": [
      30.0,
      30.0,
      40.0
    ],
    "responseTimeUrn": 61.3334961,
    "responseTimeColour": 11.3164063
  }
]