[
  {
    "participantID": "77",
    "instanceName": "BU16",
    "seqBall": 1,
    "urnPosteriors": [
      55.0,
      5.0,
      15.0,
      25.0
    ],
    "colourPosteriors": [
      65.0,
      15.0,
      20.0
    ],
    "responseTimeUrn": 183.0669,
    "responseTimeColour": 41.1499023
  },
  {
    "participantID": "77",
    "instanceName": "BU16",
    "seqBall": 2,
    "urnPosteriors": [
      15.0,
      5.0,
      55.0,
      25.0
    ],
    "colourPosteriors": [
      20.0,
      15.0,
      65.0
    ],
    "responseTimeUrn": 98.25,
    "responseTimeColour": 17.56665
  },
  {
    "participantID": "77",
    "instanceName": "BU16",
    "seqBall": 3,
    "urnPosteriors": [
      5.0,
      10.0,
      70.0,
      15.0
    ],
    "colourPosteriors": [
      15.0,
      10.0,
      75.0
    ],
    "responseTimeUrn": 65.05005,
    "responseTimeColour": 23.3999023
  }
]