[
  {
    "participantID": "77",
    "instanceName": "BU9",
    "seqBall": 1,
    "urnPosteriors": [
      10.0,
      20.0,
      70.0
    ],
    "colourPosteriors": [
      20.0,
      10.0,
      70.0
    ],
    "responseTimeUrn": 41.05005,
    "responseTimeColour": 31.4665527
  },
  {
    "participantID": "77",
    "instanceName": "BU9",
    "seqBall": 2,
    "urnPosteriors": [
      9.0,
      18.0,
      73.0
    ],
    "colourPosteriors": [
      15.0,
      5.0,
      80.0
    ],
    "responseTimeUrn": 32.2165527,
    "responseTimeColour": 27.0500488
  },
  {
    "participantID": "77",
    "instanceName": "BU9",
    "seqBall": 3,
    "urnPosteriors": [
      70.0,
      10.0,
      20.0
    ],
    "colourPosteriors": [
      70.0,
      20.0,
      10.0
    ],
    "responseTimeUrn": 54.9331055,
    "responseTimeColour": 64.68335
  }
]