[
  {
    "participantID": "77",
    "instanceName": "BU12",
    "seqBall": 1,
    "urnPosteriors": [
      45.0,
      30.0,
      25.0
    ],
    "colourPosteriors": [
      40.0,
      30.0,
      20.0,
      10.0
    ],
    "responseTimeUrn": 52.5834961,
    "responseTimeColour": 34.3667
  },
  {
    "participantID": "77",
    "instanceName": "BU12",
    "seqBall": 2,
    "urnPosteriors": [
      50.0,
      30.0,
      20.0
    ],
    "colourPosteriors": [
      50.0,
      30.0,
      10.0,
      10.0
    ],
    "responseTimeUrn": 12.7998047,
    "responseTimeColour": 30.6831055
  },
  {
    "participantID": "77",
    "instanceName": "BU12",
    "seqBall": 3,
    "urnPosteriors": [
      50.0,
      30.0,
      20.0
    ],
    "colourPosteriors": [
      55.0,
      30.0,
      10.0,
      5.0
    ],
    "responseTimeUrn": 5.916504,
    "responseTimeColour": 29.7001953
  }
]