[
  {
    "participantID": "67",
    "instanceName": "BU13",
    "seqBall": 1,
    "urnPosteriors": [
      25.0,
      25.0,
      25.0,
      25.0
    ],
    "colourPosteriors": [
      50.0,
      50.0
    ],
    "responseTimeUrn": 7.633789,
    "responseTimeColour": 5.16601563
  },
  {
    "participantID": "67",
    "instanceName": "BU13",
    "seqBall": 2,
    "urnPosteriors": [
      25.0,
      25.0,
      25.0,
      25.0
    ],
    "colourPosteriors": [
      50.0,
      50.0
    ],
    "responseTimeUrn": 1.43261719,
    "responseTimeColour": 1.08398438
  },
  {
    "participantID": "67",
    "instanceName": "BU13",
    "seqBall": 3,
    "urnPosteriors": [
      25.0,
      25.0,
      25.0,
      25.0
    ],
    "colourPosteriors": [
      50.0,
      50.0
    ],
    "responseTimeUrn": 0.6503906,
    "responseTimeColour": 0.899414063
  }
]