[
  {
    "participantID": "50",
    "instanceName": "BU12",
    "seqBall": 1,
    "urnPosteriors": [
      47.0,
      38.0,
      15.0
    ],
    "colourPosteriors": [
      41.0,
      31.0,
      16.0,
      12.0
    ],
    "responseTimeUrn": 81.6665039,
    "responseTimeColour": 174.01709
  },
  {
    "participantID": "50",
    "instanceName": "BU12",
    "seqBall": 2,
    "urnPosteriors": [
      56.0,
      44.0,
      0.0
    ],
    "colourPosteriors": [
      39.0,
      33.0,
      17.0,
      11.0
    ],
    "responseTimeUrn": 76.5498047,
    "responseTimeColour": 33.1167
  },
  {
    "participantID": "50",
    "instanceName": "BU12",
    "seqBall": 3,
    "urnPosteriors": [
      62.0,
      38.0,
      0.0
    ],
    "colourPosteriors": [
      37.0,
      35.0,
      19.0,
      9.0
    ],
    "responseTimeUrn": 38.8334961,
    "responseTimeColour": 41.3168945
  }
]