[
  {
    "participantID": "50",
    "instanceName": "BU18",
    "seqBall": 1,
    "urnPosteriors": [
      10.0,
      20.0,
      30.0,
      40.0
    ],
    "colourPosteriors": [
      16.0,
      24.0,
      27.0,
      33.0
    ],
    "responseTimeUrn": 27.1333,
    "responseTimeColour": 91.3168945
  },
  {
    "participantID": "50",
    "instanceName": "BU18",
    "seqBall": 2,
    "urnPosteriors": [
      8.0,
      12.0,
      35.0,
      45.0
    ],
    "colourPosteriors": [
      12.0,
      18.0,
      34.0,
      36.0
    ],
    "responseTimeUrn": 34.8667,
    "responseTimeColour": 40.4501953
  },
  {
    "participantID": "50",
    "instanceName": "BU18",
    "seqBall": 3,
    "urnPosteriors": [
      10.0,
      0.0,
      46.0,
      44.0
    ],
    "colourPosteriors": [
      10.0,
      17.0,
      38.0,
      35.0
    ],
    "responseTimeUrn": 57.7334,
    "responseTimeColour": 80.6001
  }
]