[
  {
    "participantID": "50",
    "instanceName": "BU9",
    "seqBall": 1,
    "urnPosteriors": [
      10.0,
      20.0,
      70.0
    ],
    "colourPosteriors": [
      22.0,
      30.0,
      48.0
    ],
    "responseTimeUrn": 17.0668945,
    "responseTimeColour": 117.666748
  },
  {
    "participantID": "50",
    "instanceName": "BU9",
    "seqBall": 2,
    "urnPosteriors": [
      0.0,
      15.0,
      85.0
    ],
    "colourPosteriors": [
      25.0,
      21.0,
      54.0
    ],
    "responseTimeUrn": 46.93335,
    "responseTimeColour": 31.2336426
  },
  {
    "participantID": "50",
    "instanceName": "BU9",
    "seqBall": 3,
    "urnPosteriors": [
      0.0,
      12.0,
      88.0
    ],
    "colourPosteriors": [
      24.0,
      8.0,
      68.0
    ],
    "responseTimeUrn": 14.1166992,
    "responseTimeColour": 83.0332
  }
]