[
  {
    "participantID": "50",
    "instanceName": "BU16",
    "seqBall": 1,
    "urnPosteriors": [
      70.0,
      5.0,
      10.0,
      15.0
    ],
    "colourPosteriors": [
      62.0,
      26.0,
      12.0
    ],
    "responseTimeUrn": 217.600342,
    "responseTimeColour": 250.000244
  },
  {
    "participantID": "50",
    "instanceName": "BU16",
    "seqBall": 2,
    "urnPosteriors": [
      31.0,
      7.0,
      42.0,
      20.0
    ],
    "colourPosteriors": [
      48.0,
      18.0,
      34.0
    ],
    "responseTimeUrn": 159.400146,
    "responseTimeColour": 51.9667969
  },
  {
    "participantID": "50",
    "instanceName": "BU16",
    "seqBall": 3,
    "urnPosteriors": [
      0.0,
      5.0,
      62.0,
      33.0
    ],
    "colourPosteriors": [
      38.0,
      6.0,
      56.0
    ],
    "responseTimeUrn": 98.5166,
    "responseTimeColour": 97.7001953
  }
]