[
  {
    "participantID": "50",
    "instanceName": "BU15",
    "seqBall": 1,
    "urnPosteriors": [
      12.0,
      42.0,
      8.0,
      38.0
    ],
    "colourPosteriors": [
      24.0,
      44.0,
      32.0
    ],
    "responseTimeUrn": 64.7666,
    "responseTimeColour": 52.5668945
  },
  {
    "participantID": "50",
    "instanceName": "BU15",
    "seqBall": 2,
    "urnPosteriors": [
      16.0,
      38.0,
      6.0,
      40.0
    ],
    "colourPosteriors": [
      22.0,
      42.0,
      36.0
    ],
    "responseTimeUrn": 50.699707,
    "responseTimeColour": 70.2334
  },
  {
    "participantID": "50",
    "instanceName": "BU15",
    "seqBall": 3,
    "urnPosteriors": [
      9.0,
      31.0,
      14.0,
      46.0
    ],
    "colourPosteriors": [
      28.0,
      44.0,
      28.0
    ],
    "responseTimeUrn": 52.6669922,
    "responseTimeColour": 101.2666
  }
]