[
  {
    "participantID": "50",
    "instanceName": "BU17",
    "seqBall": 1,
    "urnPosteriors": [
      10.0,
      20.0,
      30.0,
      40.0
    ],
    "colourPosteriors": [
      10.0,
      20.0,
      30.0,
      40.0
    ],
    "responseTimeUrn": 30.1835938,
    "responseTimeColour": 38.3168945
  },
  {
    "participantID": "50",
    "instanceName": "BU17",
    "seqBall": 2,
    "urnPosteriors": [
      12.0,
      28.0,
      24.0,
      36.0
    ],
    "colourPosteriors": [
      18.0,
      32.0,
      22.0,
      28.0
    ],
    "responseTimeUrn": 54.5498047,
    "responseTimeColour": 121.2168
  },
  {
    "participantID": "50",
    "instanceName": "BU17",
    "seqBall": 3,
    "urnPosteriors": [
      0.0,
      36.0,
      22.0,
      42.0
    ],
    "colourPosteriors": [
      23.0,
      29.0,
      27.0,
      21.0
    ],
    "responseTimeUrn": 52.8330078,
    "responseTimeColour": 230.383789
  }
]