[
  {
    "participantID": "82",
    "instanceName": "BU15",
    "seqBall": 1,
    "urnPosteriors": [
      23.0,
      31.0,
      19.0,
      27.0
    ],
    "colourPosteriors": [
      36.0,
      33.0,
      31.0
    ],
    "responseTimeUrn": 252.1836,
    "responseTimeColour": 46.11621
  },
  {
    "participantID": "82",
    "instanceName": "BU15",
    "seqBall": 2,
    "urnPosteriors": [
      30.0,
      15.0,
      15.0,
      40.0
    ],
    "colourPosteriors": [
      38.0,
      38.0,
      24.0
    ],
    "responseTimeUrn": 62.1171875,
    "responseTimeColour": 27.8164063
  },
  {
    "participantID": "82",
    "instanceName": "BU15",
    "seqBall": 3,
    "urnPosteriors": [
      17.0,
      17.0,
      17.0,
      49.0
    ],
    "colourPosteriors": [
      29.0,
      42.0,
      29.0
    ],
    "responseTimeUrn": 78.0498047,
    "responseTimeColour": 66.0166
  }
]