[
  {
    "participantID": "82",
    "instanceName": "BU7",
    "seqBall": 1,
    "urnPosteriors": [
      25.0,
      33.0,
      42.0
    ],
    "colourPosteriors": [
      44.0,
      56.0
    ],
    "responseTimeUrn": 163.3003,
    "responseTimeColour": 96.25
  },
  {
    "participantID": "82",
    "instanceName": "BU7",
    "seqBall": 2,
    "urnPosteriors": [
      28.0,
      36.0,
      36.0
    ],
    "colourPosteriors": [
      45.0,
      55.0
    ],
    "responseTimeUrn": 26.9169922,
    "responseTimeColour": 9.899902
  },
  {
    "participantID": "82",
    "instanceName": "BU7",
    "seqBall": 3,
    "urnPosteriors": [
      30.0,
      35.0,
      35.0
    ],
    "colourPosteriors": [
      47.0,
      53.0
    ],
    "responseTimeUrn": 9.449707,
    "responseTimeColour": 11.4335938
  }
]