[
  {
    "participantID": "82",
    "instanceName": "BU13",
    "seqBall": 1,
    "urnPosteriors": [
      35.0,
      30.0,
      20.0,
      15.0
    ],
    "colourPosteriors": [
      53.0,
      47.0
    ],
    "responseTimeUrn": 316.7334,
    "responseTimeColour": 126.166992
  },
  {
    "participantID": "82",
    "instanceName": "BU13",
    "seqBall": 2,
    "urnPosteriors": [
      20.0,
      30.0,
      30.0,
      20.0
    ],
    "colourPosteriors": [
      50.0,
      50.0
    ],
    "responseTimeUrn": 38.9834,
    "responseTimeColour": 16.9663086
  },
  {
    "participantID": "82",
    "instanceName": "BU13",
    "seqBall": 3,
    "urnPosteriors": [
      15.0,
      17.0,
      33.0,
      35.0
    ],
    "colourPosteriors": [
      41.0,
      59.0
    ],
    "responseTimeUrn": 73.21631,
    "responseTimeColour": 36.1499023
  }
]