[
  {
    "participantID": "82",
    "instanceName": "BU18",
    "seqBall": 1,
    "urnPosteriors": [
      10.0,
      20.0,
      30.0,
      40.0
    ],
    "colourPosteriors": [
      20.0,
      23.0,
      27.0,
      30.0
    ],
    "responseTimeUrn": 32.6499023,
    "responseTimeColour": 89.0668945
  },
  {
    "participantID": "82",
    "instanceName": "BU18",
    "seqBall": 2,
    "urnPosteriors": [
      15.0,
      15.0,
      35.0,
      35.0
    ],
    "colourPosteriors": [
      20.0,
      20.0,
      30.0,
      30.0
    ],
    "responseTimeUrn": 33.4169922,
    "responseTimeColour": 22.0498047
  },
  {
    "participantID": "82",
    "instanceName": "BU18",
    "seqBall": 3,
    "urnPosteriors": [
      16.0,
      0.0,
      44.0,
      40.0
    ],
    "colourPosteriors": [
      20.0,
      20.0,
      30.0,
      30.0
    ],
    "responseTimeUrn": 37.5332031,
    "responseTimeColour": 10.6669922
  }
]