[
  {
    "participantID": "2345",
    "instanceName": "BU5",
    "seqBall": 1,
    "urnPosteriors": [
      35.0,
      65.0
    ],
    "colourPosteriors": [
      30.0,
      25.0,
      15.0,
      30.0
    ],
    "responseTimeUrn": 13.8496094,
    "responseTimeColour": 34.4838867
  },
  {
    "participantID": "2345",
    "instanceName": "BU5",
    "seqBall": 2,
    "urnPosteriors": [
      10.0,
      90.0
    ],
    "colourPosteriors": [
      25.0,
      20.0,
      20.0,
      35.0
    ],
    "responseTimeUrn": 11.9003906,
    "responseTimeColour": 19.949707
  },
  {
    "participantID": "2345",
    "instanceName": "BU5",
    "seqBall": 3,
    "urnPosteriors": [
      12.0,
      88.0
    ],
    "colourPosteriors": [
      25.0,
      20.0,
      20.0,
      35.0
    ],
    "responseTimeUrn": 9.433594,
    "responseTimeColour": 6.48291
  }
]