[
  {
    "participantID": "2345",
    "instanceName": "BU11",
    "seqBall": 1,
    "urnPosteriors": [
      15.0,
      55.0,
      30.0
    ],
    "colourPosteriors": [
      30.0,
      30.0,
      10.0,
      30.0
    ],
    "responseTimeUrn": 30.3999023,
    "responseTimeColour": 48.8500977
  },
  {
    "participantID": "2345",
    "instanceName": "BU11",
    "seqBall": 2,
    "urnPosteriors": [
      10.0,
      55.0,
      35.0
    ],
    "colourPosteriors": [
      35.0,
      30.0,
      5.0,
      30.0
    ],
    "responseTimeUrn": 8.983887,
    "responseTimeColour": 18.59961
  },
  {
    "participantID": "2345",
    "instanceName": "BU11",
    "seqBall": 3,
    "urnPosteriors": [
      0.0,
      55.0,
      45.0
    ],
    "colourPosteriors": [
      35.0,
      30.0,
      5.0,
      30.0
    ],
    "responseTimeUrn": 18.1000977,
    "responseTimeColour": 3.48339844
  }
]