[
  {
    "participantID": "2345",
    "instanceName": "BU18",
    "seqBall": 1,
    "urnPosteriors": [
      5.0,
      20.0,
      35.0,
      40.0
    ],
    "colourPosteriors": [
      25.0,
      25.0,
      25.0,
      25.0
    ],
    "responseTimeUrn": 76.5332,
    "responseTimeColour": 22.1333
  },
  {
    "participantID": "2345",
    "instanceName": "BU18",
    "seqBall": 2,
    "urnPosteriors": [
      5.0,
      20.0,
      35.0,
      40.0
    ],
    "colourPosteriors": [
      25.0,
      25.0,
      25.0,
      25.0
    ],
    "responseTimeUrn": 7.449707,
    "responseTimeColour": 1.16699219
  },
  {
    "participantID": "2345",
    "instanceName": "BU18",
    "seqBall": 3,
    "urnPosteriors": [
      10.0,
      0.0,
      50.0,
      40.0
    ],
    "colourPosteriors": [
      25.0,
      25.0,
      25.0,
      25.0
    ],
    "responseTimeUrn": 17.5336914,
    "responseTimeColour": 1.79980469
  }
]