[
  {
    "participantID": "2345",
    "instanceName": "BU1",
    "seqBall": 1,
    "urnPosteriors": [
      25.0,
      75.0
    ],
    "colourPosteriors": [
      55.0,
      45.0
    ],
    "responseTimeUrn": 8.733398,
    "responseTimeColour": 9.26709
  },
  {
    "participantID": "2345",
    "instanceName": "BU1",
    "seqBall": 2,
    "urnPosteriors": [
      73.0,
      27.0
    ],
    "colourPosteriors": [
      58.0,
      42.0
    ],
    "responseTimeUrn": 28.1167,
    "responseTimeColour": 10.4501953
  },
  {
    "participantID": "2345",
    "instanceName": "BU1",
    "seqBall": 3,
    "urnPosteriors": [
      33.0,
      67.0
    ],
    "colourPosteriors": [
      58.0,
      42.0
    ],
    "responseTimeUrn": 30.4335938,
    "responseTimeColour": 2.03320313
  }
]