[
  {
    "participantID": "13",
    "instanceName": "BU3",
    "seqBall": 1,
    "urnPosteriors": [
      67.0,
      33.0
    ],
    "colourPosteriors": [
      46.0,
      14.0,
      40.0
    ],
    "responseTimeUrn": 15.4003906,
    "responseTimeColour": 26.9667969
  },
  {
    "participantID": "13",
    "instanceName": "BU3",
    "seqBall": 2,
    "urnPosteriors": [
      67.0,
      33.0
    ],
    "colourPosteriors": [
      41.0,
      19.0,
      40.0
    ],
    "responseTimeUrn": 5.54980469,
    "responseTimeColour": 12.4501953
  },
  {
    "participantID": "13",
    "instanceName": "BU3",
    "seqBall": 3,
    "urnPosteriors": [
      67.0,
      33.0
    ],
    "colourPosteriors": [
      39.0,
      20.0,
      41.0
    ],
    "responseTimeUrn": 3.8828125,
    "responseTimeColour": 5.83398438
  }
]