[
  {
    "participantID": "52",
    "instanceName": "BU1",
    "seqBall": 1,
    "urnPosteriors": [
      30.0,
      70.0
    ],
    "colourPosteriors": [
      42.0,
      58.0
    ],
    "responseTimeUrn": 30.3823242,
    "responseTimeColour": 70.4472656
  },
  {
    "participantID": "52",
    "instanceName": "BU1",
    "seqBall": 2,
    "urnPosteriors": [
      70.0,
      30.0
    ],
    "colourPosteriors": [
      58.0,
      42.0
    ],
    "responseTimeUrn": 16.8330078,
    "responseTimeColour": 29.5820313
  },
  {
    "participantID": "52",
    "instanceName": "BU1",
    "seqBall": 3,
    "urnPosteriors": [
      30.0,
      70.0
    ],
    "colourPosteriors": [
      42.0,
      58.0
    ],
    "responseTimeUrn": 17.1660156,
    "responseTimeColour": 25.5664063
  }
]