[
  {
    "participantID": "52",
    "instanceName": "BU3",
    "seqBall": 1,
    "urnPosteriors": [
      67.0,
      33.0
    ],
    "colourPosteriors": [
      53.0,
      17.0,
      30.0
    ],
    "responseTimeUrn": 156.577881,
    "responseTimeColour": 247.024414
  },
  {
    "participantID": "52",
    "instanceName": "BU3",
    "seqBall": 2,
    "urnPosteriors": [
      77.0,
      23.0
    ],
    "colourPosteriors": [
      59.0,
      20.0,
      21.0
    ],
    "responseTimeUrn": 357.420654,
    "responseTimeColour": 90.54663
  },
  {
    "participantID": "52",
    "instanceName": "BU3",
    "seqBall": 3,
    "urnPosteriors": [
      84.0,
      16.0
    ],
    "colourPosteriors": [
      62.0,
      20.0,
      18.0
    ],
    "responseTimeUrn": 132.061768,
    "responseTimeColour": 73.14746
  }
]