[
  {
    "participantID": "52",
    "instanceName": "BU13",
    "seqBall": 1,
    "urnPosteriors": [
      35.0,
      30.0,
      20.0,
      15.0
    ],
    "colourPosteriors": [
      55.0,
      45.0
    ],
    "responseTimeUrn": 94.44629,
    "responseTimeColour": 64.53125
  },
  {
    "participantID": "52",
    "instanceName": "BU13",
    "seqBall": 2,
    "urnPosteriors": [
      15.0,
      20.0,
      30.0,
      35.0
    ],
    "colourPosteriors": [
      45.0,
      55.0
    ],
    "responseTimeUrn": 54.14746,
    "responseTimeColour": 55.26465
  },
  {
    "participantID": "52",
    "instanceName": "BU13",
    "seqBall": 3,
    "urnPosteriors": [
      15.0,
      20.0,
      30.0,
      35.0
    ],
    "colourPosteriors": [
      45.0,
      55.0
    ],
    "responseTimeUrn": 4.70019531,
    "responseTimeColour": 1.03320313
  }
]