[
  {
    "participantID": "7",
    "instanceName": "BU16",
    "seqBall": 1,
    "urnPosteriors": [
      46.0,
      11.0,
      19.0,
      24.0
    ],
    "colourPosteriors": [
      18.0,
      36.0,
      46.0
    ],
    "responseTimeUrn": 106.4126,
    "responseTimeColour": 51.26465
  },
  {
    "participantID": "7",
    "instanceName": "BU16",
    "seqBall": 2,
    "urnPosteriors": [
      9.0,
      17.0,
      48.0,
      26.0
    ],
    "colourPosteriors": [
      23.0,
      44.0,
      33.0
    ],
    "responseTimeUrn": 142.728516,
    "responseTimeColour": 62.2314453
  },
  {
    "participantID": "7",
    "instanceName": "BU16",
    "seqBall": 3,
    "urnPosteriors": [
      10.0,
      21.0,
      46.0,
      23.0
    ],
    "colourPosteriors": [
      25.0,
      40.0,
      35.0
    ],
    "responseTimeUrn": 36.83203,
    "responseTimeColour": 23.2998047
  }
]