[
  {
    "participantID": "7",
    "instanceName": "BU17",
    "seqBall": 1,
    "urnPosteriors": [
      10.0,
      20.0,
      30.0,
      40.0
    ],
    "colourPosteriors": [
      15.0,
      25.0,
      30.0,
      30.0
    ],
    "responseTimeUrn": 112.096191,
    "responseTimeColour": 179.427246
  },
  {
    "participantID": "7",
    "instanceName": "BU17",
    "seqBall": 2,
    "urnPosteriors": [
      30.0,
      40.0,
      10.0,
      20.0
    ],
    "colourPosteriors": [
      30.0,
      20.0,
      30.0,
      20.0
    ],
    "responseTimeUrn": 166.277344,
    "responseTimeColour": 92.72998
  },
  {
    "participantID": "7",
    "instanceName": "BU17",
    "seqBall": 3,
    "urnPosteriors": [
      13.0,
      20.0,
      30.0,
      37.0
    ],
    "colourPosteriors": [
      27.0,
      23.0,
      27.0,
      23.0
    ],
    "responseTimeUrn": 191.143066,
    "responseTimeColour": 52.3481445
  }
]