[
  {
    "participantID": "7",
    "instanceName": "BUPractice",
    "seqBall": 1,
    "urnPosteriors": [
      40.0,
      60.0
    ],
    "colourPosteriors": [
      31.0,
      69.0
    ],
    "responseTimeUrn": 40.1484375,
    "responseTimeColour": 35.098877
  },
  {
    "participantID": "7",
    "instanceName": "BUPractice",
    "seqBall": 2,
    "urnPosteriors": [
      31.0,
      69.0
    ],
    "colourPosteriors": [
      31.0,
      69.0
    ],
    "responseTimeUrn": 132.362061,
    "responseTimeColour": 26.28247
  },
  {
    "participantID": "7",
    "instanceName": "BUPractice",
    "seqBall": 3,
    "urnPosteriors": [
      22.0,
      78.0
    ],
    "colourPosteriors": [
      70.0,
      30.0
    ],
    "responseTimeUrn": 40.4819336,
    "responseTimeColour": 93.12988
  }
]