[
  {
    "participantID": "7",
    "instanceName": "BU5",
    "seqBall": 1,
    "urnPosteriors": [
      45.0,
      55.0
    ],
    "colourPosteriors": [
      27.0,
      27.0,
      19.0,
      27.0
    ],
    "responseTimeUrn": 183.193359,
    "responseTimeColour": 296.172852
  },
  {
    "participantID": "7",
    "instanceName": "BU5",
    "seqBall": 2,
    "urnPosteriors": [
      20.0,
      80.0
    ],
    "colourPosteriors": [
      31.0,
      31.0,
      19.0,
      19.0
    ],
    "responseTimeUrn": 113.4458,
    "responseTimeColour": 173.84375
  },
  {
    "participantID": "7",
    "instanceName": "BU5",
    "seqBall": 3,
    "urnPosteriors": [
      45.0,
      55.0
    ],
    "colourPosteriors": [
      30.0,
      30.0,
      21.0,
      19.0
    ],
    "responseTimeUrn": 68.78076,
    "responseTimeColour": 166.760742
  }
]