[
  {
    "participantID": "23",
    "instanceName": "BU7",
    "seqBall": 1,
    "urnPosteriors": [
      20.0,
      34.0,
      46.0
    ],
    "colourPosteriors": [
      45.0,
      55.0
    ],
    "responseTimeUrn": 199.383789,
    "responseTimeColour": 113.3667
  },
  {
    "participantID": "23",
    "instanceName": "BU7",
    "seqBall": 2,
    "urnPosteriors": [
      26.0,
      34.0,
      40.0
    ],
    "colourPosteriors": [
      57.0,
      43.0
    ],
    "responseTimeUrn": 67.11719,
    "responseTimeColour": 24.9663086
  },
  {
    "participantID": "23",
    "instanceName": "BU7",
    "seqBall": 3,
    "urnPosteriors": [
      32.0,
      35.0,
      33.0
    ],
    "colourPosteriors": [
      51.0,
      49.0
    ],
    "responseTimeUrn": 59.8168945,
    "responseTimeColour": 17.6669922
  }
]