[
  {
    "participantID": "23",
    "instanceName": "BU5",
    "seqBall": 1,
    "urnPosteriors": [
      40.0,
      60.0
    ],
    "colourPosteriors": [
      26.0,
      24.0,
      24.0,
      26.0
    ],
    "responseTimeUrn": 17.7167969,
    "responseTimeColour": 73.4331055
  },
  {
    "participantID": "23",
    "instanceName": "BU5",
    "seqBall": 2,
    "urnPosteriors": [
      32.0,
      68.0
    ],
    "colourPosteriors": [
      21.0,
      23.0,
      28.0,
      28.0
    ],
    "responseTimeUrn": 24.2666016,
    "responseTimeColour": 82.8833
  },
  {
    "participantID": "23",
    "instanceName": "BU5",
    "seqBall": 3,
    "urnPosteriors": [
      32.0,
      68.0
    ],
    "colourPosteriors": [
      17.0,
      27.0,
      27.0,
      29.0
    ],
    "responseTimeUrn": 34.6167,
    "responseTimeColour": 90.66699
  }
]