[
  {
    "participantID": "23",
    "instanceName": "BU11",
    "seqBall": 1,
    "urnPosteriors": [
      29.0,
      29.0,
      42.0
    ],
    "colourPosteriors": [
      26.0,
      20.0,
      23.0,
      31.0
    ],
    "responseTimeUrn": 47.0839844,
    "responseTimeColour": 54.4834
  },
  {
    "participantID": "23",
    "instanceName": "BU11",
    "seqBall": 2,
    "urnPosteriors": [
      24.0,
      33.0,
      43.0
    ],
    "colourPosteriors": [
      28.0,
      23.0,
      24.0,
      25.0
    ],
    "responseTimeUrn": 28.0,
    "responseTimeColour": 37.01758
  },
  {
    "participantID": "23",
    "instanceName": "BU11",
    "seqBall": 3,
    "urnPosteriors": [
      21.0,
      35.0,
      44.0
    ],
    "colourPosteriors": [
      29.0,
      21.0,
      21.0,
      29.0
    ],
    "responseTimeUrn": 21.8828125,
    "responseTimeColour": 21.5
  }
]