[
  {
    "participantID": "23",
    "instanceName": "BU17",
    "seqBall": 1,
    "urnPosteriors": [
      10.0,
      20.0,
      30.0,
      40.0
    ],
    "colourPosteriors": [
      20.0,
      22.0,
      28.0,
      30.0
    ],
    "responseTimeUrn": 28.5664063,
    "responseTimeColour": 260.884277
  },
  {
    "participantID": "23",
    "instanceName": "BU17",
    "seqBall": 2,
    "urnPosteriors": [
      25.0,
      35.0,
      24.0,
      16.0
    ],
    "colourPosteriors": [
      28.0,
      23.0,
      26.0,
      23.0
    ],
    "responseTimeUrn": 359.833984,
    "responseTimeColour": 225.166992
  },
  {
    "participantID": "23",
    "instanceName": "BU17",
    "seqBall": 3,
    "urnPosteriors": [
      19.0,
      24.0,
      24.0,
      33.0
    ],
    "colourPosteriors": [
      21.0,
      35.0,
      19.0,
      25.0
    ],
    "responseTimeUrn": 202.050781,
    "responseTimeColour": 51.6328125
  }
]