[
  {
    "participantID": "23",
    "instanceName": "BU13",
    "seqBall": 1,
    "urnPosteriors": [
      35.0,
      30.0,
      20.0,
      15.0
    ],
    "colourPosteriors": [
      43.0,
      57.0
    ],
    "responseTimeUrn": 91.80029,
    "responseTimeColour": 80.01709
  },
  {
    "participantID": "23",
    "instanceName": "BU13",
    "seqBall": 2,
    "urnPosteriors": [
      30.0,
      32.0,
      20.0,
      18.0
    ],
    "colourPosteriors": [
      59.0,
      41.0
    ],
    "responseTimeUrn": 53.1660156,
    "responseTimeColour": 33.9834
  },
  {
    "participantID": "23",
    "instanceName": "BU13",
    "seqBall": 3,
    "urnPosteriors": [
      20.0,
      24.0,
      25.0,
      31.0
    ],
    "colourPosteriors": [
      54.0,
      46.0
    ],
    "responseTimeUrn": 90.7001953,
    "responseTimeColour": 15.2333984
  }
]