[
  {
    "participantID": "23",
    "instanceName": "BU3",
    "seqBall": 1,
    "urnPosteriors": [
      67.0,
      33.0
    ],
    "colourPosteriors": [
      29.0,
      22.0,
      49.0
    ],
    "responseTimeUrn": 45.40039,
    "responseTimeColour": 110.833496
  },
  {
    "participantID": "23",
    "instanceName": "BU3",
    "seqBall": 2,
    "urnPosteriors": [
      74.0,
      26.0
    ],
    "colourPosteriors": [
      35.0,
      23.0,
      42.0
    ],
    "responseTimeUrn": 42.4335938,
    "responseTimeColour": 40.1333
  },
  {
    "participantID": "23",
    "instanceName": "BU3",
    "seqBall": 3,
    "urnPosteriors": [
      70.0,
      30.0
    ],
    "colourPosteriors": [
      43.0,
      26.0,
      31.0
    ],
    "responseTimeUrn": 18.0,
    "responseTimeColour": 16.9833984
  }
]