[
  {
    "participantID": "88",
    "instanceName": "BU17",
    "seqBall": 1,
    "urnPosteriors": [
      10.0,
      20.0,
      30.0,
      40.0
    ],
    "colourPosteriors": [
      15.0,
      17.0,
      33.0,
      35.0
    ],
    "responseTimeUrn": 31.5322266,
    "responseTimeColour": 167.86084
  },
  {
    "participantID": "88",
    "instanceName": "BU17",
    "seqBall": 2,
    "urnPosteriors": [
      17.0,
      33.0,
      17.0,
      33.0
    ],
    "colourPosteriors": [
      20.0,
      30.0,
      20.0,
      30.0
    ],
    "responseTimeUrn": 184.093262,
    "responseTimeColour": 221.008789
  },
  {
    "participantID": "88",
    "instanceName": "BU17",
    "seqBall": 3,
    "urnPosteriors": [
      17.0,
      33.0,
      17.0,
      33.0
    ],
    "colourPosteriors": [
      20.0,
      30.0,
      20.0,
      30.0
    ],
    "responseTimeUrn": 85.6806641,
    "responseTimeColour": 10.949707
  }
]