[
  {
    "participantID": "88",
    "instanceName": "BU9",
    "seqBall": 1,
    "urnPosteriors": [
      10.0,
      20.0,
      70.0
    ],
    "colourPosteriors": [
      20.0,
      10.0,
      70.0
    ],
    "responseTimeUrn": 15.515625,
    "responseTimeColour": 37.46582
  },
  {
    "participantID": "88",
    "instanceName": "BU9",
    "seqBall": 2,
    "urnPosteriors": [
      8.0,
      17.0,
      75.0
    ],
    "colourPosteriors": [
      15.0,
      5.0,
      80.0
    ],
    "responseTimeUrn": 29.21582,
    "responseTimeColour": 16.6328125
  },
  {
    "participantID": "88",
    "instanceName": "BU9",
    "seqBall": 3,
    "urnPosteriors": [
      20.0,
      15.0,
      65.0
    ],
    "colourPosteriors": [
      20.0,
      15.0,
      65.0
    ],
    "responseTimeUrn": 33.1152344,
    "responseTimeColour": 38.3652344
  }
]