[
  {
    "participantID": "88",
    "instanceName": "BU5",
    "seqBall": 1,
    "urnPosteriors": [
      40.0,
      60.0
    ],
    "colourPosteriors": [
      15.0,
      18.0,
      25.0,
      42.0
    ],
    "responseTimeUrn": 14.6826172,
    "responseTimeColour": 343.5547
  },
  {
    "participantID": "88",
    "instanceName": "BU5",
    "seqBall": 2,
    "urnPosteriors": [
      30.0,
      70.0
    ],
    "colourPosteriors": [
      12.0,
      18.0,
      25.0,
      45.0
    ],
    "responseTimeUrn": 50.54834,
    "responseTimeColour": 63.5644531
  },
  {
    "participantID": "88",
    "instanceName": "BU5",
    "seqBall": 3,
    "urnPosteriors": [
      25.0,
      75.0
    ],
    "colourPosteriors": [
      10.0,
      15.0,
      30.0,
      45.0
    ],
    "responseTimeUrn": 12.8164063,
    "responseTimeColour": 100.879883
  }
]