[
  {
    "participantID": "54",
    "instanceName": "BU9",
    "seqBall": 1,
    "urnPosteriors": [
      10.0,
      20.0,
      70.0
    ],
    "colourPosteriors": [
      35.0,
      35.0,
      30.0
    ],
    "responseTimeUrn": 25.9155273,
    "responseTimeColour": 31.2324219
  },
  {
    "participantID": "54",
    "instanceName": "BU9",
    "seqBall": 2,
    "urnPosteriors": [
      0.0,
      15.0,
      85.0
    ],
    "colourPosteriors": [
      40.0,
      40.0,
      20.0
    ],
    "responseTimeUrn": 25.7822266,
    "responseTimeColour": 14.8994141
  },
  {
    "participantID": "54",
    "instanceName": "BU9",
    "seqBall": 3,
    "urnPosteriors": [
      70.0,
      10.0,
      20.0
    ],
    "colourPosteriors": [
      35.0,
      40.0,
      25.0
    ],
    "responseTimeUrn": 21.8994141,
    "responseTimeColour": 23.46582
  }
]