[
  {
    "participantID": "54",
    "instanceName": "BU17",
    "seqBall": 1,
    "urnPosteriors": [
      10.0,
      20.0,
      30.0,
      40.0
    ],
    "colourPosteriors": [
      26.0,
      26.0,
      26.0,
      22.0
    ],
    "responseTimeUrn": 45.3486328,
    "responseTimeColour": 30.6821289
  },
  {
    "participantID": "54",
    "instanceName": "BU17",
    "seqBall": 2,
    "urnPosteriors": [
      30.0,
      40.0,
      10.0,
      20.0
    ],
    "colourPosteriors": [
      27.0,
      23.0,
      27.0,
      23.0
    ],
    "responseTimeUrn": 45.43164,
    "responseTimeColour": 70.99756
  },
  {
    "participantID": "54",
    "instanceName": "BU17",
    "seqBall": 3,
    "urnPosteriors": [
      0.0,
      23.0,
      33.0,
      44.0
    ],
    "colourPosteriors": [
      33.0,
      21.0,
      31.0,
      15.0
    ],
    "responseTimeUrn": 44.2485352,
    "responseTimeColour": 59.91455
  }
]