[
  {
    "participantID": "54",
    "instanceName": "BU15",
    "seqBall": 1,
    "urnPosteriors": [
      10.0,
      70.0,
      5.0,
      15.0
    ],
    "colourPosteriors": [
      33.0,
      34.0,
      33.0
    ],
    "responseTimeUrn": 53.4648438,
    "responseTimeColour": 31.8657227
  },
  {
    "participantID": "54",
    "instanceName": "BU15",
    "seqBall": 2,
    "urnPosteriors": [
      71.0,
      5.0,
      10.0,
      14.0
    ],
    "colourPosteriors": [
      32.0,
      34.0,
      34.0
    ],
    "responseTimeUrn": 41.7485352,
    "responseTimeColour": 25.015625
  },
  {
    "participantID": "54",
    "instanceName": "BU15",
    "seqBall": 3,
    "urnPosteriors": [
      5.0,
      10.0,
      70.0,
      15.0
    ],
    "colourPosteriors": [
      33.0,
      34.0,
      33.0
    ],
    "responseTimeUrn": 30.6152344,
    "responseTimeColour": 15.9160156
  }
]