[
  {
    "participantID": "54",
    "instanceName": "BU13",
    "seqBall": 1,
    "urnPosteriors": [
      36.0,
      34.0,
      17.0,
      13.0
    ],
    "colourPosteriors": [
      46.0,
      54.0
    ],
    "responseTimeUrn": 113.095947,
    "responseTimeColour": 20.5490723
  },
  {
    "participantID": "54",
    "instanceName": "BU13",
    "seqBall": 2,
    "urnPosteriors": [
      7.0,
      11.0,
      45.0,
      37.0
    ],
    "colourPosteriors": [
      50.0,
      50.0
    ],
    "responseTimeUrn": 102.963379,
    "responseTimeColour": 14.565918
  },
  {
    "participantID": "54",
    "instanceName": "BU13",
    "seqBall": 3,
    "urnPosteriors": [
      9.0,
      14.0,
      41.0,
      36.0
    ],
    "colourPosteriors": [
      56.0,
      44.0
    ],
    "responseTimeUrn": 56.89795,
    "responseTimeColour": 13.2661133
  }
]