[
  {
    "participantID": "47",
    "instanceName": "BU18",
    "seqBall": 1,
    "urnPosteriors": [
      10.0,
      20.0,
      30.0,
      40.0
    ],
    "colourPosteriors": [
      10.0,
      20.0,
      30.0,
      40.0
    ],
    "responseTimeUrn": 23.0332031,
    "responseTimeColour": 29.4169922
  },
  {
    "participantID": "47",
    "instanceName": "BU18",
    "seqBall": 2,
    "urnPosteriors": [
      12.0,
      13.0,
      40.0,
      35.0
    ],
    "colourPosteriors": [
      15.0,
      15.0,
      35.0,
      35.0
    ],
    "responseTimeUrn": 46.11621,
    "responseTimeColour": 19.4833984
  },
  {
    "participantID": "47",
    "instanceName": "BU18",
    "seqBall": 3,
    "urnPosteriors": [
      13.0,
      7.0,
      40.0,
      40.0
    ],
    "colourPosteriors": [
      10.0,
      10.0,
      40.0,
      40.0
    ],
    "responseTimeUrn": 23.2333984,
    "responseTimeColour": 24.0498047
  }
]