[
  {
    "participantID": "47",
    "instanceName": "BU13",
    "seqBall": 1,
    "urnPosteriors": [
      35.0,
      30.0,
      20.0,
      15.0
    ],
    "colourPosteriors": [
      55.0,
      45.0
    ],
    "responseTimeUrn": 42.8339844,
    "responseTimeColour": 68.84961
  },
  {
    "participantID": "47",
    "instanceName": "BU13",
    "seqBall": 2,
    "urnPosteriors": [
      20.0,
      20.0,
      25.0,
      35.0
    ],
    "colourPosteriors": [
      50.0,
      50.0
    ],
    "responseTimeUrn": 32.1005859,
    "responseTimeColour": 9.266602
  },
  {
    "participantID": "47",
    "instanceName": "BU13",
    "seqBall": 3,
    "urnPosteriors": [
      15.0,
      20.0,
      30.0,
      35.0
    ],
    "colourPosteriors": [
      35.0,
      65.0
    ],
    "responseTimeUrn": 37.84961,
    "responseTimeColour": 15.1835938
  }
]