[
  {
    "participantID": "47",
    "instanceName": "BU12",
    "seqBall": 1,
    "urnPosteriors": [
      50.0,
      38.0,
      12.0
    ],
    "colourPosteriors": [
      33.0,
      25.0,
      20.0,
      22.0
    ],
    "responseTimeUrn": 81.06641,
    "responseTimeColour": 522.8174
  },
  {
    "participantID": "47",
    "instanceName": "BU12",
    "seqBall": 2,
    "urnPosteriors": [
      63.0,
      31.0,
      6.0
    ],
    "colourPosteriors": [
      35.0,
      26.0,
      21.0,
      18.0
    ],
    "responseTimeUrn": 98.9165039,
    "responseTimeColour": 317.5171
  },
  {
    "participantID": "47",
    "instanceName": "BU12",
    "seqBall": 3,
    "urnPosteriors": [
      63.0,
      31.0,
      6.0
    ],
    "colourPosteriors": [
      35.0,
      26.0,
      21.0,
      18.0
    ],
    "responseTimeUrn": 55.3999023,
    "responseTimeColour": 1.39990234
  }
]