[
  {
    "participantID": "47",
    "instanceName": "BU1",
    "seqBall": 1,
    "urnPosteriors": [
      30.0,
      70.0
    ],
    "colourPosteriors": [
      42.0,
      58.0
    ],
    "responseTimeUrn": 27.75,
    "responseTimeColour": 31.9667969
  },
  {
    "participantID": "47",
    "instanceName": "BU1",
    "seqBall": 2,
    "urnPosteriors": [
      36.0,
      64.0
    ],
    "colourPosteriors": [
      45.0,
      55.0
    ],
    "responseTimeUrn": 19.3500977,
    "responseTimeColour": 9.183594
  },
  {
    "participantID": "47",
    "instanceName": "BU1",
    "seqBall": 3,
    "urnPosteriors": [
      33.0,
      67.0
    ],
    "colourPosteriors": [
      40.0,
      60.0
    ],
    "responseTimeUrn": 15.6000977,
    "responseTimeColour": 6.300293
  }
]