[
  {
    "participantID": "32",
    "instanceName": "BU18",
    "seqBall": 1,
    "urnPosteriors": [
      10.0,
      20.0,
      30.0,
      40.0
    ],
    "colourPosteriors": [
      20.0,
      22.0,
      28.0,
      30.0
    ],
    "responseTimeUrn": 20.9824219,
    "responseTimeColour": 77.8339844
  },
  {
    "participantID": "32",
    "instanceName": "BU18",
    "seqBall": 2,
    "urnPosteriors": [
      15.0,
      15.0,
      35.0,
      35.0
    ],
    "colourPosteriors": [
      20.0,
      22.0,
      28.0,
      30.0
    ],
    "responseTimeUrn": 25.5507813,
    "responseTimeColour": 6.76660156
  },
  {
    "participantID": "32",
    "instanceName": "BU18",
    "seqBall": 3,
    "urnPosteriors": [
      15.0,
      15.0,
      40.0,
      30.0
    ],
    "colourPosteriors": [
      20.0,
      22.0,
      30.0,
      28.0
    ],
    "responseTimeUrn": 14.8007813,
    "responseTimeColour": 11.0
  }
]