[
  {
    "participantID": "35",
    "instanceName": "BU3",
    "seqBall": 1,
    "urnPosteriors": [
      66.0,
      34.0
    ],
    "colourPosteriors": [
      50.0,
      35.0,
      15.0
    ],
    "responseTimeUrn": 20.6835938,
    "responseTimeColour": 18.8330078
  },
  {
    "participantID": "35",
    "instanceName": "BU3",
    "seqBall": 2,
    "urnPosteriors": [
      72.0,
      28.0
    ],
    "colourPosteriors": [
      65.0,
      25.0,
      10.0
    ],
    "responseTimeUrn": 12.9003906,
    "responseTimeColour": 19.2333984
  },
  {
    "participantID": "35",
    "instanceName": "BU3",
    "seqBall": 3,
    "urnPosteriors": [
      80.0,
      20.0
    ],
    "colourPosteriors": [
      70.0,
      24.0,
      6.0
    ],
    "responseTimeUrn": 16.9160156,
    "responseTimeColour": 38.80078
  }
]