[
  {
    "participantID": "35",
    "instanceName": "BU18",
    "seqBall": 1,
    "urnPosteriors": [
      10.0,
      20.0,
      30.0,
      40.0
    ],
    "colourPosteriors": [
      5.0,
      20.0,
      30.0,
      45.0
    ],
    "responseTimeUrn": 18.3505859,
    "responseTimeColour": 25.7167969
  },
  {
    "participantID": "35",
    "instanceName": "BU18",
    "seqBall": 2,
    "urnPosteriors": [
      15.0,
      10.0,
      40.0,
      35.0
    ],
    "colourPosteriors": [
      12.0,
      8.0,
      47.0,
      33.0
    ],
    "responseTimeUrn": 46.84961,
    "responseTimeColour": 78.28418
  },
  {
    "participantID": "35",
    "instanceName": "BU18",
    "seqBall": 3,
    "urnPosteriors": [
      15.0,
      0.0,
      48.0,
      37.0
    ],
    "colourPosteriors": [
      16.0,
      4.0,
      50.0,
      30.0
    ],
    "responseTimeUrn": 44.2832031,
    "responseTimeColour": 25.1835938
  }
]