[
  {
    "participantID": "35",
    "instanceName": "BU15",
    "seqBall": 1,
    "urnPosteriors": [
      20.0,
      55.0,
      5.0,
      20.0
    ],
    "colourPosteriors": [
      8.0,
      62.0,
      30.0
    ],
    "responseTimeUrn": 70.75,
    "responseTimeColour": 28.61621
  },
  {
    "participantID": "35",
    "instanceName": "BU15",
    "seqBall": 2,
    "urnPosteriors": [
      50.0,
      5.0,
      15.0,
      30.0
    ],
    "colourPosteriors": [
      55.0,
      30.0,
      15.0
    ],
    "responseTimeUrn": 42.7167969,
    "responseTimeColour": 31.6835938
  },
  {
    "participantID": "35",
    "instanceName": "BU15",
    "seqBall": 3,
    "urnPosteriors": [
      10.0,
      20.0,
      30.0,
      40.0
    ],
    "colourPosteriors": [
      25.0,
      50.0,
      25.0
    ],
    "responseTimeUrn": 85.5,
    "responseTimeColour": 53.2167969
  }
]