[
  {
    "participantID": "35",
    "instanceName": "BU12",
    "seqBall": 1,
    "urnPosteriors": [
      50.0,
      33.0,
      17.0
    ],
    "colourPosteriors": [
      40.0,
      30.0,
      20.0,
      10.0
    ],
    "responseTimeUrn": 51.9501953,
    "responseTimeColour": 30.2832031
  },
  {
    "participantID": "35",
    "instanceName": "BU12",
    "seqBall": 2,
    "urnPosteriors": [
      65.0,
      35.0,
      0.0
    ],
    "colourPosteriors": [
      44.0,
      30.0,
      20.0,
      6.0
    ],
    "responseTimeUrn": 19.6660156,
    "responseTimeColour": 34.2832031
  },
  {
    "participantID": "35",
    "instanceName": "BU12",
    "seqBall": 3,
    "urnPosteriors": [
      67.0,
      33.0,
      0.0
    ],
    "colourPosteriors": [
      44.0,
      30.0,
      20.0,
      6.0
    ],
    "responseTimeUrn": 21.5839844,
    "responseTimeColour": 8.1328125
  }
]