[
  {
    "participantID": "86",
    "instanceName": "BU18",
    "seqBall": 1,
    "urnPosteriors": [
      20.0,
      23.0,
      27.0,
      30.0
    ],
    "colourPosteriors": [
      27.0,
      26.0,
      24.0,
      23.0
    ],
    "responseTimeUrn": 77.6831055,
    "responseTimeColour": 157.3833
  },
  {
    "participantID": "86",
    "instanceName": "BU18",
    "seqBall": 2,
    "urnPosteriors": [
      17.0,
      23.0,
      27.0,
      33.0
    ],
    "colourPosteriors": [
      26.0,
      26.0,
      23.0,
      25.0
    ],
    "responseTimeUrn": 33.4331055,
    "responseTimeColour": 38.1835938
  },
  {
    "participantID": "86",
    "instanceName": "BU18",
    "seqBall": 3,
    "urnPosteriors": [
      26.0,
      0.0,
      34.0,
      40.0
    ],
    "colourPosteriors": [
      18.0,
      22.0,
      25.0,
      35.0
    ],
    "responseTimeUrn": 41.4501953,
    "responseTimeColour": 155.083008
  }
]