[
  {
    "participantID": "86",
    "instanceName": "BU15",
    "seqBall": 1,
    "urnPosteriors": [
      20.0,
      35.0,
      29.0,
      16.0
    ],
    "colourPosteriors": [
      33.0,
      33.0,
      34.0
    ],
    "responseTimeUrn": 87.2666,
    "responseTimeColour": 49.4667969
  },
  {
    "participantID": "86",
    "instanceName": "BU15",
    "seqBall": 2,
    "urnPosteriors": [
      33.0,
      17.0,
      25.0,
      25.0
    ],
    "colourPosteriors": [
      35.0,
      35.0,
      30.0
    ],
    "responseTimeUrn": 43.2832031,
    "responseTimeColour": 22.90039
  },
  {
    "participantID": "86",
    "instanceName": "BU15",
    "seqBall": 3,
    "urnPosteriors": [
      25.0,
      25.0,
      25.0,
      25.0
    ],
    "colourPosteriors": [
      31.0,
      38.0,
      31.0
    ],
    "responseTimeUrn": 22.300293,
    "responseTimeColour": 50.99951
  }
]