[
  {
    "participantID": "86",
    "instanceName": "BU9",
    "seqBall": 1,
    "urnPosteriors": [
      12.0,
      21.0,
      67.0
    ],
    "colourPosteriors": [
      20.0,
      28.0,
      52.0
    ],
    "responseTimeUrn": 31.0,
    "responseTimeColour": 60.5166
  },
  {
    "participantID": "86",
    "instanceName": "BU9",
    "seqBall": 2,
    "urnPosteriors": [
      0.0,
      28.0,
      72.0
    ],
    "colourPosteriors": [
      15.0,
      29.0,
      56.0
    ],
    "responseTimeUrn": 19.6333,
    "responseTimeColour": 48.0166
  },
  {
    "participantID": "86",
    "instanceName": "BU9",
    "seqBall": 3,
    "urnPosteriors": [
      0.0,
      33.0,
      67.0
    ],
    "colourPosteriors": [
      15.0,
      35.0,
      50.0
    ],
    "responseTimeUrn": 11.7832031,
    "responseTimeColour": 94.8833
  }
]