[
  {
    "participantID": "40",
    "instanceName": "BUPractice",
    "seqBall": 1,
    "urnPosteriors": [
      40.0,
      60.0
    ],
    "colourPosteriors": [
      40.0,
      60.0
    ],
    "responseTimeUrn": 15.2667236,
    "responseTimeColour": 15.3666992
  },
  {
    "participantID": "40",
    "instanceName": "BUPractice",
    "seqBall": 2,
    "urnPosteriors": [
      30.0,
      70.0
    ],
    "colourPosteriors": [
      35.0,
      65.0
    ],
    "responseTimeUrn": 33.08313,
    "responseTimeColour": 11.2166748
  },
  {
    "participantID": "40",
    "instanceName": "BUPractice",
    "seqBall": 3,
    "urnPosteriors": [
      15.0,
      85.0
    ],
    "colourPosteriors": [
      40.0,
      60.0
    ],
    "responseTimeUrn": 13.166626,
    "responseTimeColour": 15.7834473
  }
]