[
  {
    "participantID": "40",
    "instanceName": "BU15",
    "seqBall": 1,
    "urnPosteriors": [
      15.0,
      50.0,
      10.0,
      25.0
    ],
    "colourPosteriors": [
      15.0,
      65.0,
      20.0
    ],
    "responseTimeUrn": 50.6499023,
    "responseTimeColour": 46.550293
  },
  {
    "participantID": "40",
    "instanceName": "BU15",
    "seqBall": 2,
    "urnPosteriors": [
      30.0,
      25.0,
      5.0,
      40.0
    ],
    "colourPosteriors": [
      35.0,
      50.0,
      15.0
    ],
    "responseTimeUrn": 26.8667,
    "responseTimeColour": 17.5
  },
  {
    "participantID": "40",
    "instanceName": "BU15",
    "seqBall": 3,
    "urnPosteriors": [
      15.0,
      20.0,
      15.0,
      50.0
    ],
    "colourPosteriors": [
      30.0,
      40.0,
      30.0
    ],
    "responseTimeUrn": 32.35034,
    "responseTimeColour": 9.949951
  }
]