[
  {
    "participantID": "40",
    "instanceName": "BU18",
    "seqBall": 1,
    "urnPosteriors": [
      10.0,
      20.0,
      30.0,
      40.0
    ],
    "colourPosteriors": [
      40.0,
      20.0,
      30.0,
      10.0
    ],
    "responseTimeUrn": 53.5834961,
    "responseTimeColour": 18.0332031
  },
  {
    "participantID": "40",
    "instanceName": "BU18",
    "seqBall": 2,
    "urnPosteriors": [
      5.0,
      15.0,
      35.0,
      45.0
    ],
    "colourPosteriors": [
      13.0,
      13.0,
      37.0,
      37.0
    ],
    "responseTimeUrn": 14.3168945,
    "responseTimeColour": 28.8833
  },
  {
    "participantID": "40",
    "instanceName": "BU18",
    "seqBall": 3,
    "urnPosteriors": [
      13.0,
      7.0,
      35.0,
      45.0
    ],
    "colourPosteriors": [
      13.0,
      13.0,
      37.0,
      37.0
    ],
    "responseTimeUrn": 11.2998047,
    "responseTimeColour": 2.70019531
  }
]