[
  {
    "participantID": "40",
    "instanceName": "BU5",
    "seqBall": 1,
    "urnPosteriors": [
      40.0,
      60.0
    ],
    "colourPosteriors": [
      25.0,
      25.0,
      25.0,
      25.0
    ],
    "responseTimeUrn": 10.0834961,
    "responseTimeColour": 25.1167
  },
  {
    "participantID": "40",
    "instanceName": "BU5",
    "seqBall": 2,
    "urnPosteriors": [
      30.0,
      70.0
    ],
    "colourPosteriors": [
      15.0,
      19.0,
      31.0,
      35.0
    ],
    "responseTimeUrn": 11.3000488,
    "responseTimeColour": 39.44995
  },
  {
    "participantID": "40",
    "instanceName": "BU5",
    "seqBall": 3,
    "urnPosteriors": [
      30.0,
      70.0
    ],
    "colourPosteriors": [
      10.0,
      15.0,
      35.0,
      40.0
    ],
    "responseTimeUrn": 1.56665039,
    "responseTimeColour": 16.8000488
  }
]