[
  {
    "participantID": "40",
    "instanceName": "BU11",
    "seqBall": 1,
    "urnPosteriors": [
      30.0,
      30.0,
      40.0
    ],
    "colourPosteriors": [
      20.0,
      20.0,
      25.0,
      35.0
    ],
    "responseTimeUrn": 32.3667,
    "responseTimeColour": 20.56665
  },
  {
    "participantID": "40",
    "instanceName": "BU11",
    "seqBall": 2,
    "urnPosteriors": [
      20.0,
      35.0,
      45.0
    ],
    "colourPosteriors": [
      10.0,
      20.0,
      30.0,
      40.0
    ],
    "responseTimeUrn": 8.966553,
    "responseTimeColour": 11.2167969
  },
  {
    "participantID": "40",
    "instanceName": "BU11",
    "seqBall": 3,
    "urnPosteriors": [
      10.0,
      40.0,
      50.0
    ],
    "colourPosteriors": [
      10.0,
      20.0,
      30.0,
      40.0
    ],
    "responseTimeUrn": 11.1501465,
    "responseTimeColour": 5.79980469
  }
]