[
  {
    "participantID": "37",
    "instanceName": "BU1",
    "seqBall": 1,
    "urnPosteriors": [
      43.0,
      57.0
    ],
    "colourPosteriors": [
      43.0,
      57.0
    ],
    "responseTimeUrn": 28.2832031,
    "responseTimeColour": 17.5
  },
  {
    "participantID": "37",
    "instanceName": "BU1",
    "seqBall": 2,
    "urnPosteriors": [
      57.0,
      43.0
    ],
    "colourPosteriors": [
      58.0,
      42.0
    ],
    "responseTimeUrn": 7.79980469,
    "responseTimeColour": 8.016602
  },
  {
    "participantID": "37",
    "instanceName": "BU1",
    "seqBall": 3,
    "urnPosteriors": [
      45.0,
      55.0
    ],
    "colourPosteriors": [
      58.0,
      42.0
    ],
    "responseTimeUrn": 13.6503906,
    "responseTimeColour": 3.95019531
  }
]