[
  {
    "participantID": "37",
    "instanceName": "BU18",
    "seqBall": 1,
    "urnPosteriors": [
      5.0,
      20.0,
      35.0,
      40.0
    ],
    "colourPosteriors": [
      10.0,
      15.0,
      30.0,
      45.0
    ],
    "responseTimeUrn": 93.1499,
    "responseTimeColour": 30.1835938
  },
  {
    "participantID": "37",
    "instanceName": "BU18",
    "seqBall": 2,
    "urnPosteriors": [
      5.0,
      20.0,
      45.0,
      30.0
    ],
    "colourPosteriors": [
      15.0,
      10.0,
      45.0,
      30.0
    ],
    "responseTimeUrn": 18.5498047,
    "responseTimeColour": 41.8667
  },
  {
    "participantID": "37",
    "instanceName": "BU18",
    "seqBall": 3,
    "urnPosteriors": [
      5.0,
      20.0,
      50.0,
      25.0
    ],
    "colourPosteriors": [
      15.0,
      10.0,
      30.0,
      45.0
    ],
    "responseTimeUrn": 21.3667,
    "responseTimeColour": 16.38379
  }
]