[
  {
    "participantID": "14",
    "instanceName": "BU16",
    "seqBall": 1,
    "urnPosteriors": [
      33.0,
      17.0,
      22.0,
      28.0
    ],
    "colourPosteriors": [
      40.0,
      35.0,
      25.0
    ],
    "responseTimeUrn": 98.25,
    "responseTimeColour": 64.1001
  },
  {
    "participantID": "14",
    "instanceName": "BU16",
    "seqBall": 2,
    "urnPosteriors": [
      28.0,
      17.0,
      27.0,
      28.0
    ],
    "colourPosteriors": [
      35.0,
      35.0,
      30.0
    ],
    "responseTimeUrn": 36.5166,
    "responseTimeColour": 22.699707
  },
  {
    "participantID": "14",
    "instanceName": "BU16",
    "seqBall": 3,
    "urnPosteriors": [
      20.0,
      15.0,
      35.0,
      30.0
    ],
    "colourPosteriors": [
      32.0,
      33.0,
      35.0
    ],
    "responseTimeUrn": 105.4668,
    "responseTimeColour": 36.9667969
  }
]