[
  {
    "participantID": "14",
    "instanceName": "BU5",
    "seqBall": 1,
    "urnPosteriors": [
      40.0,
      60.0
    ],
    "colourPosteriors": [
      10.0,
      20.0,
      30.0,
      40.0
    ],
    "responseTimeUrn": 11.1665039,
    "responseTimeColour": 39.1835938
  },
  {
    "participantID": "14",
    "instanceName": "BU5",
    "seqBall": 2,
    "urnPosteriors": [
      25.0,
      75.0
    ],
    "colourPosteriors": [
      10.0,
      20.0,
      30.0,
      40.0
    ],
    "responseTimeUrn": 10.6166992,
    "responseTimeColour": 10.7666016
  },
  {
    "participantID": "14",
    "instanceName": "BU5",
    "seqBall": 3,
    "urnPosteriors": [
      20.0,
      80.0
    ],
    "colourPosteriors": [
      10.0,
      20.0,
      40.0,
      30.0
    ],
    "responseTimeUrn": 9.833496,
    "responseTimeColour": 17.7998047
  }
]