[
  {
    "participantID": "14",
    "instanceName": "BU7",
    "seqBall": 1,
    "urnPosteriors": [
      25.0,
      35.0,
      40.0
    ],
    "colourPosteriors": [
      45.0,
      55.0
    ],
    "responseTimeUrn": 32.53369,
    "responseTimeColour": 37.2334
  },
  {
    "participantID": "14",
    "instanceName": "BU7",
    "seqBall": 2,
    "urnPosteriors": [
      20.0,
      35.0,
      45.0
    ],
    "colourPosteriors": [
      45.0,
      55.0
    ],
    "responseTimeUrn": 23.0498047,
    "responseTimeColour": 4.26660156
  },
  {
    "participantID": "14",
    "instanceName": "BU7",
    "seqBall": 3,
    "urnPosteriors": [
      20.0,
      37.0,
      43.0
    ],
    "colourPosteriors": [
      45.0,
      55.0
    ],
    "responseTimeUrn": 27.550293,
    "responseTimeColour": 4.46630859
  }
]