[
  {
    "participantID": "14",
    "instanceName": "BU13",
    "seqBall": 1,
    "urnPosteriors": [
      35.0,
      30.0,
      18.0,
      17.0
    ],
    "colourPosteriors": [
      55.0,
      45.0
    ],
    "responseTimeUrn": 104.799805,
    "responseTimeColour": 23.26709
  },
  {
    "participantID": "14",
    "instanceName": "BU13",
    "seqBall": 2,
    "urnPosteriors": [
      30.0,
      35.0,
      15.0,
      20.0
    ],
    "colourPosteriors": [
      55.0,
      45.0
    ],
    "responseTimeUrn": 37.1000977,
    "responseTimeColour": 4.75
  },
  {
    "participantID": "14",
    "instanceName": "BU13",
    "seqBall": 3,
    "urnPosteriors": [
      18.0,
      25.0,
      32.0,
      25.0
    ],
    "colourPosteriors": [
      47.0,
      53.0
    ],
    "responseTimeUrn": 155.8164,
    "responseTimeColour": 32.78369
  }
]