[
  {
    "participantID": "14",
    "instanceName": "BU18",
    "seqBall": 1,
    "urnPosteriors": [
      14.0,
      24.0,
      29.0,
      33.0
    ],
    "colourPosteriors": [
      10.0,
      20.0,
      30.0,
      40.0
    ],
    "responseTimeUrn": 104.48291,
    "responseTimeColour": 30.5839844
  },
  {
    "participantID": "14",
    "instanceName": "BU18",
    "seqBall": 2,
    "urnPosteriors": [
      16.0,
      24.0,
      30.0,
      30.0
    ],
    "colourPosteriors": [
      15.0,
      15.0,
      30.0,
      40.0
    ],
    "responseTimeUrn": 56.1328125,
    "responseTimeColour": 20.88379
  },
  {
    "participantID": "14",
    "instanceName": "BU18",
    "seqBall": 3,
    "urnPosteriors": [
      14.0,
      21.0,
      35.0,
      30.0
    ],
    "colourPosteriors": [
      20.0,
      10.0,
      40.0,
      30.0
    ],
    "responseTimeUrn": 26.5498047,
    "responseTimeColour": 30.63379
  }
]