[
  {
    "participantID": "14",
    "instanceName": "BU17",
    "seqBall": 1,
    "urnPosteriors": [
      15.0,
      20.0,
      30.0,
      35.0
    ],
    "colourPosteriors": [
      10.0,
      20.0,
      30.0,
      40.0
    ],
    "responseTimeUrn": 165.76709,
    "responseTimeColour": 35.99951
  },
  {
    "participantID": "14",
    "instanceName": "BU17",
    "seqBall": 2,
    "urnPosteriors": [
      20.0,
      30.0,
      17.0,
      33.0
    ],
    "colourPosteriors": [
      17.0,
      32.0,
      18.0,
      33.0
    ],
    "responseTimeUrn": 153.5503,
    "responseTimeColour": 132.9331
  },
  {
    "participantID": "14",
    "instanceName": "BU17",
    "seqBall": 3,
    "urnPosteriors": [
      17.0,
      25.0,
      18.0,
      40.0
    ],
    "colourPosteriors": [
      17.0,
      32.0,
      18.0,
      33.0
    ],
    "responseTimeUrn": 94.4834,
    "responseTimeColour": 22.6831055
  }
]