participantID,instanceName,seqBall,responseTimeUrn,responseTimeColour,uA_r,uB_r,cB_r,cW_r,cP_r,cG_r,uC_r,uD_r,urns,colours,uA_c,uB_c,cB_c,cW_c,cP_c,cG_c,uC_c,uD_c,uA_s,uB_s,uC_s,uD_s,cB_s,cW_s,cP_s,cG_s,diff_uA,diff_uB,diff_uC,diff_uD,diff_cB,diff_cW,diff_cP,diff_cG,JSD_U_rc,JSD_C_rc,JSD_U_rs,JSD_C_rs,DQ_U_o,DQ_C_o,DQ_U_s,DQ_C_s,EWCC_u,MDCC_u,CC_u,EWCC_c,MDCC_c,CC_c,ACC_u,ACC_c,AEWCC_u,AEWCC_c,AMDCC_u,AMDCC_c
1003,1,1,8.990723,11.2839355,45.0,55.0,40.0,60.0,,,,,2,2,30.0,70.0,42.0,57.99999999999999,,,,,30.0,70.0,,,48.0,52.0,,,15.0,15.0,,,2.0,2.000000000000007,,,0.1319140868736712,0.017269163664255252,0.1319140868736712,0.06847960278156069,0.8680859131263288,0.9827308363357448,0.8680859131263288,0.9315203972184393,3.0,2.0,5.0,4.0,2.0,6.0,5.0,6.0,3.0,4.0,2.0,2.0
1003,1,2,7.442871,5.935547,50.0,50.0,50.0,50.0,,,,,2,2,50.0,50.0,50.0,50.0,,,,,66.0,34.0,,,50.0,50.0,,,0.0,0.0,,,0.0,0.0,,,0.0,0.0,0.13800196573650117,0.0,1.0,1.0,0.8619980342634989,1.0,6.0,4.0,10.0,4.0,2.0,6.0,15.0,12.0,9.0,8.0,6.0,4.0
1003,1,3,4.628174,12.3122559,40.0,60.0,40.0,60.0,,,,,2,2,30.0,70.0,42.0,57.99999999999999,,,,,30.0,70.0,,,46.0,54.0,,,10.0,10.0,,,2.0,2.000000000000007,,,0.08914767822445263,0.017269163664255252,0.08914767822445263,0.05148320640240413,0.9108523217755473,0.9827308363357448,0.9108523217755473,0.9485167935975959,6.0,4.0,10.0,4.0,2.0,6.0,25.0,18.0,15.0,12.0,10.0,6.0
1005,1,1,8.541748,28.0749512,30.0,70.0,69.0,31.0,,,,,2,2,30.0,70.0,42.0,57.99999999999999,,,,,30.0,70.0,,,42.0,57.99999999999999,,,0.0,0.0,,,27.0,26.999999999999993,,,0.0,0.23225057688758008,0.0,0.23225057688758008,1.0,0.7677494231124199,1.0,0.7677494231124199,3.0,2.0,5.0,4.0,2.0,6.0,5.0,6.0,3.0,4.0,2.0,2.0
1005,1,2,12.4750977,8.024902,50.0,50.0,50.0,50.0,,,,,2,2,50.0,50.0,50.0,50.0,,,,,50.0,50.0,,,50.0,50.0,,,0.0,0.0,,,0.0,0.0,,,0.0,0.0,0.0,0.0,1.0,1.0,1.0,1.0,6.0,4.0,10.0,4.0,2.0,6.0,15.0,12.0,9.0,8.0,6.0,4.0
1005,1,3,18.0249023,10.6083984,67.0,33.0,35.0,65.0,,,,,2,2,30.0,70.0,42.0,57.99999999999999,,,,,30.0,70.0,,,56.99999999999999,43.0,,,37.0,37.0,,,7.0,7.000000000000007,,,0.31818556505504814,0.0611226277166059,0.31818556505504814,0.18824689251889484,0.6818144349449519,0.9388773722833941,0.6818144349449519,0.8117531074811052,6.0,4.0,10.0,4.0,2.0,6.0,25.0,18.0,15.0,12.0,10.0,6.0
1010,1,1,17.5588379,33.190918,30.0,70.0,42.0,58.0,,,,,2,2,30.0,70.0,42.0,57.99999999999999,,,,,30.0,70.0,,,42.0,57.99999999999999,,,0.0,0.0,,,0.0,7.105427357601002e-15,,,0.0,0.0,0.0,0.0,1.0,1.0,1.0,1.0,3.0,2.0,5.0,4.0,2.0,6.0,5.0,6.0,3.0,4.0,2.0,2.0
1010,1,2,37.1247559,6.083496,50.0,50.0,50.0,50.0,,,,,2,2,50.0,50.0,50.0,50.0,,,,,50.0,50.0,,,50.0,50.0,,,0.0,0.0,,,0.0,0.0,,,0.0,0.0,0.0,0.0,1.0,1.0,1.0,1.0,6.0,4.0,10.0,4.0,2.0,6.0,15.0,12.0,9.0,8.0,6.0,4.0
1010,1,3,29.35791,6.60083,70.0,30.0,58.0,42.0,,,,,2,2,30.0,70.0,42.0,57.99999999999999,,,,,30.0,70.0,,,57.99999999999999,42.0,,,40.0,40.0,,,16.0,15.999999999999993,,,0.34454187085071,0.13618408484968564,0.34454187085071,0.0,0.65545812914929,0.8638159151503144,0.65545812914929,1.0,6.0,4.0,10.0,4.0,2.0,6.0,25.0,18.0,15.0,12.0,10.0,6.0
10000,1,1,10.4504395,16.13379,30.0,70.0,40.0,60.0,,,,,2,2,30.0,70.0,42.0,57.99999999999999,,,,,30.0,70.0,,,42.0,57.99999999999999,,,0.0,0.0,,,2.0,2.000000000000007,,,0.0,0.017269163664255252,0.0,0.017269163664255252,1.0,0.9827308363357448,1.0,0.9827308363357448,3.0,2.0,5.0,4.0,2.0,6.0,5.0,6.0,3.0,4.0,2.0,2.0
10000,1,2,11.217041,6.00048828,50.0,50.0,50.0,50.0,,,,,2,2,50.0,50.0,50.0,50.0,,,,,50.0,50.0,,,50.0,50.0,,,0.0,0.0,,,0.0,0.0,,,0.0,0.0,0.0,0.0,1.0,1.0,1.0,1.0,6.0,4.0,10.0,4.0,2.0,6.0,15.0,12.0,9.0,8.0,6.0,4.0
10000,1,3,6.800293,17.9501953,30.0,70.0,35.0,65.0,,,,,2,2,30.0,70.0,42.0,57.99999999999999,,,,,30.0,70.0,,,42.0,57.99999999999999,,,0.0,0.0,,,7.0,7.000000000000007,,,0.0,0.0611226277166059,0.0,0.0611226277166059,1.0,0.9388773722833941,1.0,0.9388773722833941,6.0,4.0,10.0,4.0,2.0,6.0,25.0,18.0,15.0,12.0,10.0,6.0
1003,2,1,14.178894,30.9718933,70.0,30.0,60.0,40.0,,,,,2,2,70.0,30.0,57.99999999999999,42.0,,,,,70.0,30.0,,,57.99999999999999,42.0,,,0.0,0.0,,,2.000000000000007,2.0,,,0.0,0.017269163664255252,0.0,0.017269163664255252,1.0,0.9827308363357448,1.0,0.9827308363357448,3.0,2.0,5.0,4.0,2.0,6.0,5.0,6.0,3.0,4.0,2.0,2.0
1003,2,2,8.683289,13.45874,75.0,25.0,70.0,30.0,,,,,2,2,84.0,16.0,64.0,36.0,,,,,84.0,16.0,,,60.0,40.0,,,9.0,9.0,,,6.0,6.0,,,0.09498547166333184,0.054215574668495935,0.09498547166333184,0.08914767822445263,0.9050145283366682,0.9457844253315041,0.9050145283366682,0.9108523217755473,6.0,4.0,10.0,4.0,2.0,6.0,15.0,12.0,9.0,8.0,6.0,4.0
1003,2,3,6.96176147,25.30307,80.0,20.0,70.0,30.0,,,,,2,2,93.0,7.000000000000001,67.0,33.0,,,,,88.0,13.0,,,62.0,38.0,,,13.0,13.0,,,3.0,3.0,,,0.1645207803990028,0.027429929622222467,0.08196062635302681,0.07177913516150818,0.8354792196009972,0.9725700703777775,0.9180393736469732,0.9282208648384919,6.0,4.0,10.0,4.0,2.0,6.0,25.0,18.0,15.0,12.0,10.0,6.0
1005,2,1,14.25,18.0916138,70.0,30.0,67.0,33.0,,,,,2,2,70.0,30.0,57.99999999999999,42.0,,,,,70.0,30.0,,,57.99999999999999,42.0,,,0.0,0.0,,,9.000000000000007,9.0,,,0.0,0.07901815625711849,0.0,0.07901815625711849,1.0,0.9209818437428815,1.0,0.9209818437428815,3.0,2.0,5.0,4.0,2.0,6.0,5.0,6.0,3.0,4.0,2.0,2.0
1005,2,2,22.208313,17.2666626,78.0,22.0,64.0,36.0,,,,,2,2,84.0,16.0,64.0,36.0,,,,,84.0,16.0,,,61.0,39.0,,,6.0,6.0,,,0.0,0.0,,,0.06506097972388315,0.0,0.06506097972388315,0.02631794149767868,0.9349390202761169,1.0,0.9349390202761169,0.9736820585023214,6.0,4.0,10.0,4.0,2.0,6.0,15.0,12.0,9.0,8.0,6.0,4.0
1005,2,3,17.6165161,26.8500977,84.0,16.0,69.0,31.0,,,,,2,2,93.0,7.000000000000001,67.0,33.0,,,,,89.0,11.0,,,64.0,36.0,,,9.0,9.0,,,2.0,2.0,,,0.12123963969890725,0.01820829881405239,0.06229128088539039,0.04500186158821956,0.8787603603010927,0.9817917011859476,0.9377087191146096,0.9549981384117805,6.0,4.0,10.0,4.0,2.0,6.0,25.0,18.0,15.0,12.0,10.0,6.0
1010,2,1,11.715332,51.81665,70.0,30.0,58.0,42.0,,,,,2,2,70.0,30.0,57.99999999999999,42.0,,,,,70.0,30.0,,,57.99999999999999,42.0,,,0.0,0.0,,,7.105427357601002e-15,0.0,,,0.0,0.0,0.0,0.0,1.0,1.0,1.0,1.0,3.0,2.0,5.0,4.0,2.0,6.0,5.0,6.0,3.0,4.0,2.0,2.0
1010,2,2,63.64917,26.2836914,82.0,18.0,71.0,29.0,,,,,2,2,84.0,16.0,64.0,36.0,,,,,84.0,16.0,,,63.0,37.0,,,2.0,2.0,,,7.0,7.0,,,0.02261589175328816,0.06351302806289204,0.02261589175328816,0.07231668733074273,0.9773841082467118,0.936486971937108,0.9773841082467118,0.9276833126692573,6.0,4.0,10.0,4.0,2.0,6.0,15.0,12.0,9.0,8.0,6.0,4.0
1010,2,3,69.28247,15.4584961,89.0,11.0,66.0,34.0,,,,,2,2,93.0,7.000000000000001,67.0,33.0,,,,,91.0,9.0,,,66.0,34.0,,,4.0,3.999999999999999,,,1.0,1.0,,,0.05958198160289161,0.008997359985077079,0.02833206619655047,0.0,0.9404180183971084,0.9910026400149229,0.9716679338034495,1.0,6.0,4.0,10.0,4.0,2.0,6.0,25.0,18.0,15.0,12.0,10.0,6.0
10000,2,1,6.166992,12.3999023,70.0,30.0,59.0,41.0,,,,,2,2,70.0,30.0,57.99999999999999,42.0,,,,,70.0,30.0,,,57.99999999999999,42.0,,,0.0,0.0,,,1.000000000000007,1.0,,,0.0,0.008618753605971686,0.0,0.008618753605971686,1.0,0.9913812463940284,1.0,0.9913812463940284,3.0,2.0,5.0,4.0,2.0,6.0,5.0,6.0,3.0,4.0,2.0,2.0
10000,2,2,13.60083,6.86743164,75.0,25.0,62.0,38.0,,,,,2,2,84.0,16.0,64.0,36.0,,,,,84.0,16.0,,,60.0,40.0,,,9.0,9.0,,,2.0,2.0,,,0.09498547166333184,0.01759224107866613,0.09498547166333184,0.01741379236706174,0.9050145283366682,0.9824077589213339,0.9050145283366682,0.9825862076329382,6.0,4.0,10.0,4.0,2.0,6.0,15.0,12.0,9.0,8.0,6.0,4.0
10000,2,3,4.467285,11.2504883,83.0,17.0,67.0,33.0,,,,,2,2,93.0,7.000000000000001,67.0,33.0,,,,,88.0,13.0,,,63.0,37.0,,,10.0,10.0,,,0.0,0.0,,,0.13246377038701204,0.0,0.049256802232595535,0.03562053680244545,0.8675362296129879,1.0,0.9507431977674045,0.9643794631975545,6.0,4.0,10.0,4.0,2.0,6.0,25.0,18.0,15.0,12.0,10.0,6.0
1003,3,1,14.1796875,17.7001953,55.0,45.0,45.0,15.0,40.0,,,,2,3,67.0,33.0,53.0,17.0,30.0,,,,67.0,33.0,,,48.0,16.0,37.0,,12.0,12.0,,,8.0,2.0,10.0,,0.10463811505048805,0.08932710720661668,0.10463811505048805,0.029408652087850935,0.895361884949512,0.9106728927933834,0.895361884949512,0.9705913479121491,3.0,2.0,5.0,8.0,4.0,12.0,5.0,12.0,3.0,8.0,2.0,4.0
1003,3,2,9.857178,39.42871,60.0,40.0,60.0,25.0,15.0,,,,2,3,87.0,12.0,63.0,19.0,17.0,,,,81.0,19.0,,,50.0,16.0,34.0,,27.0,28.0,,,3.0,6.0,2.0,,0.2752575540246965,0.060631077160228246,0.1971845825680824,0.1942905358934859,0.7247424459753036,0.9393689228397718,0.8028154174319175,0.8057094641065141,6.0,4.0,10.0,8.0,4.0,12.0,15.0,24.0,9.0,16.0,6.0,8.0
1003,3,3,6.45581055,10.496582,75.0,25.0,70.0,20.0,10.0,,,,2,3,96.0,4.0,68.0,20.0,12.0,,,,84.0,16.0,,,56.99999999999999,18.0,25.0,,21.0,21.0,,,2.0,0.0,2.0,,0.2653297730806143,0.02759027938336091,0.09498547166333184,0.17070930388372774,0.7346702269193857,0.9724097206166391,0.9050145283366682,0.8292906961162723,6.0,4.0,10.0,8.0,4.0,12.0,25.0,36.0,15.0,24.0,10.0,12.0
1005,3,1,9.358398,99.9165039,67.0,33.0,44.0,12.0,44.0,,,,2,3,67.0,33.0,53.0,17.0,30.0,,,,67.0,33.0,,,53.0,17.0,30.0,,0.0,0.0,,,9.0,5.0,14.0,,0.0,0.1255061572733318,0.0,0.1255061572733318,1.0,0.8744938427266682,1.0,0.8744938427266682,3.0,2.0,5.0,8.0,4.0,12.0,5.0,12.0,3.0,8.0,2.0,4.0
1005,3,2,6.958252,82.3664551,63.0,37.0,67.0,22.0,11.0,,,,2,3,87.0,12.0,63.0,19.0,17.0,,,,88.0,12.0,,,51.0,16.0,32.0,,24.0,25.0,,,4.0,3.0,6.0,,0.24997149402813035,0.07693962334011357,0.25147608393016013,0.2238402005630898,0.7500285059718697,0.9230603766598864,0.7485239160698398,0.7761597994369103,6.0,4.0,10.0,8.0,4.0,12.0,15.0,24.0,9.0,16.0,6.0,8.0
1005,3,3,7.166504,15.5749512,75.0,25.0,70.0,20.0,10.0,,,,2,3,96.0,4.0,68.0,20.0,12.0,,,,86.0,14.000000000000002,,,56.99999999999999,18.0,25.0,,21.0,21.0,,,2.0,0.0,2.0,,0.2653297730806143,0.02759027938336091,0.11855885527165515,0.17070930388372774,0.7346702269193857,0.9724097206166391,0.8814411447283449,0.8292906961162723,6.0,4.0,10.0,8.0,4.0,12.0,25.0,36.0,15.0,24.0,10.0,12.0
1010,3,1,25.0336914,98.09912,67.0,33.0,65.0,18.0,17.0,,,,2,3,67.0,33.0,53.0,17.0,30.0,,,,67.0,33.0,,,53.0,17.0,30.0,,0.0,0.0,,,12.0,1.0,13.0,,0.0,0.13285960614136572,0.0,0.13285960614136572,1.0,0.8671403938586343,1.0,0.8671403938586343,3.0,2.0,5.0,8.0,4.0,12.0,5.0,12.0,3.0,8.0,2.0,4.0
1010,3,2,30.4179688,40.3081055,75.0,25.0,65.0,17.0,18.0,,,,2,3,87.0,12.0,63.0,19.0,17.0,,,,88.0,12.0,,,56.99999999999999,18.0,25.0,,12.0,13.0,,,2.0,2.0,1.0,,0.14188746258344767,0.024527286707270293,0.14343770969236844,0.07826130984882618,0.8581125374165524,0.9754727132927297,0.8565622903076315,0.9217386901511738,6.0,4.0,10.0,8.0,4.0,12.0,15.0,24.0,9.0,16.0,6.0,8.0
1010,3,3,11.3007813,25.9418945,75.0,25.0,60.0,17.0,23.0,,,,2,3,96.0,4.0,68.0,20.0,12.0,,,,91.0,9.0,,,56.99999999999999,18.0,25.0,,21.0,21.0,,,8.0,3.0,11.0,,0.2653297730806143,0.12395834012194218,0.18393153069172619,0.026099500555619836,0.7346702269193857,0.8760416598780578,0.8160684693082738,0.9739004994443802,6.0,4.0,10.0,8.0,4.0,12.0,25.0,36.0,15.0,24.0,10.0,12.0
10000,3,1,16.4008789,26.9838867,67.0,33.0,52.0,10.0,38.0,,,,2,3,67.0,33.0,53.0,17.0,30.0,,,,67.0,33.0,,,53.0,17.0,30.0,,0.0,0.0,,,1.0,7.0,8.0,,0.0,0.10028825818728594,0.0,0.10028825818728594,1.0,0.8997117418127141,1.0,0.8997117418127141,3.0,2.0,5.0,8.0,4.0,12.0,5.0,12.0,3.0,8.0,2.0,4.0
10000,3,2,19.2167358,42.0527344,53.0,47.0,48.0,11.0,41.0,,,,2,3,87.0,12.0,63.0,19.0,17.0,,,,88.0,12.0,,,46.0,15.0,38.0,,34.0,35.0,,,15.0,8.0,24.0,,0.33276861344921427,0.2287009294029097,0.33423279289184055,0.05280269821466074,0.6672313865507857,0.7712990705970904,0.6657672071081595,0.9471973017853392,6.0,4.0,10.0,8.0,4.0,12.0,15.0,24.0,9.0,16.0,6.0,8.0
10000,3,3,34.0344238,12.8179932,64.0,36.0,60.0,10.0,30.0,,,,2,3,96.0,4.0,68.0,20.0,12.0,,,,80.0,20.0,,,52.0,16.0,32.0,,32.0,32.0,,,8.0,10.0,18.0,,0.35977827299381043,0.20689333048821315,0.15213536238726152,0.08564300061507513,0.6402217270061896,0.7931066695117869,0.8478646376127384,0.9143569993849249,6.0,4.0,10.0,8.0,4.0,12.0,25.0,36.0,15.0,24.0,10.0,12.0
1003,4,1,8.123047,23.7026367,65.0,35.0,50.0,25.0,25.0,,,,2,3,78.0,22.0,59.0,18.0,23.0,,,,78.0,22.0,,,52.0,17.0,31.0,,13.0,13.0,,,9.0,7.0,2.0,,0.12270595247377589,0.08433439445455726,0.12270595247377589,0.08941045719131051,0.8772940475262241,0.9156656055454427,0.8772940475262241,0.9105895428086895,3.0,2.0,5.0,8.0,4.0,12.0,5.0,12.0,3.0,8.0,2.0,4.0
1003,4,2,14.0445557,35.60132,75.0,25.0,60.0,25.0,15.0,,,,2,3,88.0,13.0,64.0,19.0,18.0,,,,79.0,21.0,,,56.99999999999999,18.0,25.0,,13.0,12.0,,,4.0,6.0,3.0,,0.1324211130925294,0.06610876984620165,0.04038404822865615,0.11627133253265819,0.8675788869074705,0.9338912301537984,0.9596159517713438,0.8837286674673418,6.0,4.0,10.0,8.0,4.0,12.0,15.0,24.0,9.0,16.0,6.0,8.0
1003,4,3,6.80334473,16.7543945,90.0,10.0,70.0,20.0,10.0,,,,2,3,96.0,4.0,68.0,20.0,12.0,,,,91.0,9.0,,,65.0,19.0,16.0,,6.0,6.0,,,2.0,0.0,2.0,,0.10138914914513926,0.02759027938336091,0.014485953906843247,0.07615641226738333,0.8986108508548607,0.9724097206166391,0.9855140460931567,0.9238435877326167,6.0,4.0,10.0,8.0,4.0,12.0,25.0,36.0,15.0,24.0,10.0,12.0
1005,4,1,18.9869385,15.2833252,78.0,22.0,67.0,22.0,11.0,,,,2,3,78.0,22.0,59.0,18.0,23.0,,,,78.0,22.0,,,59.0,18.0,23.0,,0.0,0.0,,,8.0,4.0,12.0,,0.0,0.1374336811761874,0.0,0.1374336811761874,1.0,0.8625663188238126,1.0,0.8625663188238126,3.0,2.0,5.0,8.0,4.0,12.0,5.0,12.0,3.0,8.0,2.0,4.0
1005,4,2,30.8834229,42.6248779,80.0,20.0,78.0,11.0,11.0,,,,2,3,88.0,13.0,64.0,19.0,18.0,,,,88.0,12.0,,,60.0,18.0,22.0,,8.0,7.0,,,14.0,8.0,7.0,,0.08196062635302681,0.13719515648568953,0.09308638221137704,0.16771434376423083,0.9180393736469732,0.8628048435143105,0.906913617788623,0.8322856562357692,6.0,4.0,10.0,8.0,4.0,12.0,15.0,24.0,9.0,16.0,6.0,8.0
1005,4,3,15.6832275,14.2333374,90.0,10.0,67.0,22.0,11.0,,,,2,3,96.0,4.0,68.0,20.0,12.0,,,,93.0,7.000000000000001,,,65.0,19.0,16.0,,6.0,6.0,,,1.0,2.0,1.0,,0.10138914914513926,0.022961047367699435,0.045791636723257506,0.06527370354546634,0.8986108508548607,0.9770389526323006,0.9542083632767425,0.9347262964545336,6.0,4.0,10.0,8.0,4.0,12.0,25.0,36.0,15.0,24.0,10.0,12.0
1010,4,1,94.59155,62.4160156,68.0,32.0,64.0,18.0,18.0,,,,2,3,78.0,22.0,59.0,18.0,23.0,,,,78.0,22.0,,,54.0,17.0,28.999999999999996,,10.0,10.0,,,5.0,0.0,5.0,,0.09586530063034228,0.054203255508946176,0.09586530063034228,0.11196162025635915,0.9041346993696577,0.9457967444910538,0.9041346993696577,0.8880383797436409,3.0,2.0,5.0,8.0,4.0,12.0,5.0,12.0,3.0,8.0,2.0,4.0
1010,4,2,16.2504883,86.19995,74.0,26.0,68.0,17.0,15.0,,,,2,3,88.0,13.0,64.0,19.0,18.0,,,,81.0,19.0,,,56.99999999999999,17.0,26.0,,14.0,13.0,,,4.0,2.0,3.0,,0.14203641100479827,0.04238460336207605,0.07130156256882553,0.11946396624311485,0.8579635889952018,0.9576153966379239,0.9286984374311744,0.8805360337568852,6.0,4.0,10.0,8.0,4.0,12.0,15.0,24.0,9.0,16.0,6.0,8.0
1010,4,3,12.60083,73.3251953,82.0,18.0,67.0,19.0,14.0,,,,2,3,96.0,4.0,68.0,20.0,12.0,,,,91.0,9.0,,,61.0,18.0,21.0,,14.0,14.0,,,1.0,1.0,2.0,,0.19680279662438918,0.02597380672632321,0.1127808879229908,0.07871406479187879,0.8031972033756108,0.9740261932736768,0.8872191120770092,0.9212859352081212,6.0,4.0,10.0,8.0,4.0,12.0,25.0,36.0,15.0,24.0,10.0,12.0
10000,4,1,16.8005371,31.7514648,78.0,22.0,50.0,16.0,34.0,,,,2,3,78.0,22.0,59.0,18.0,23.0,,,,78.0,22.0,,,59.0,18.0,23.0,,0.0,0.0,,,9.0,2.0,11.0,,0.0,0.10398322480771993,0.0,0.10398322480771993,1.0,0.8960167751922801,1.0,0.8960167751922801,3.0,2.0,5.0,8.0,4.0,12.0,5.0,12.0,3.0,8.0,2.0,4.0
10000,4,2,10.53418,49.7026367,66.0,34.0,58.0,18.0,24.0,,,,2,3,88.0,13.0,64.0,19.0,18.0,,,,88.0,12.0,,,53.0,17.0,30.0,,22.0,21.0,,,6.0,1.0,6.0,,0.21487302546782416,0.06499679100676249,0.2256579677661317,0.057663946589986,0.7851269745321758,0.9350032089932375,0.7743420322338683,0.942336053410014,6.0,4.0,10.0,8.0,4.0,12.0,15.0,24.0,9.0,16.0,6.0,8.0
10000,4,3,5.717041,21.951416,64.0,36.0,57.0,16.0,27.0,,,,2,3,96.0,4.0,68.0,20.0,12.0,,,,87.0,13.0,,,52.0,16.0,32.0,,32.0,32.0,,,11.0,4.0,15.0,,0.35977827299381043,0.16265387033385217,0.23064260802012143,0.048555504121937924,0.6402217270061896,0.8373461296661479,0.7693573919798786,0.9514444958780621,6.0,4.0,10.0,8.0,4.0,12.0,25.0,36.0,15.0,24.0,10.0,12.0
1003,5,1,7.763672,17.5134277,55.0,45.0,25.0,25.0,25.0,25.0,,,2,4,40.0,60.0,22.0,24.0,26.0,28.000000000000004,,,40.0,60.0,,,27.0,26.0,25.0,24.0,15.0,15.0,,,3.0,1.0,1.0,3.0000000000000036,0.1278020141530312,0.03805589121227294,0.1278020141530312,0.018627603454963042,0.8721979858469688,0.9619441087877271,0.8721979858469688,0.9813723965450369,3.0,2.0,5.0,12.0,6.0,18.0,5.0,18.0,3.0,12.0,2.0,6.0
1003,5,2,10.0568848,17.2734375,40.0,60.0,30.0,30.0,20.0,20.0,,,2,4,14.000000000000002,86.0,14.000000000000002,21.0,28.999999999999996,36.0,,,23.0,77.0,,,22.0,24.0,26.0,28.000000000000004,26.0,26.0,,,15.999999999999998,9.0,8.999999999999996,16.0,0.252725014906347,0.223490509556116,0.15614124389054626,0.12053392002280948,0.747274985093653,0.7765094904438841,0.8438587561094537,0.8794660799771905,6.0,4.0,10.0,12.0,6.0,18.0,15.0,36.0,9.0,24.0,6.0,12.0
1003,5,3,6.49707031,27.4101563,20.0,80.0,10.0,20.0,30.0,40.0,,,2,4,4.0,96.0,11.0,20.0,30.0,39.0,,,14.000000000000002,86.0,,,16.0,22.0,28.000000000000004,34.0,16.0,16.0,,,1.0,0.0,0.0,1.0,0.2173723149402329,0.014746881138223518,0.06798033156075615,0.0859547362917865,0.7826276850597671,0.9852531188617765,0.9320196684392439,0.9140452637082135,6.0,4.0,10.0,12.0,6.0,18.0,25.0,54.0,15.0,36.0,10.0,18.0
1005,5,1,10.9082642,28.1582642,60.0,40.0,11.0,22.0,22.0,45.0,,,2,4,40.0,60.0,22.0,24.0,26.0,28.000000000000004,,,40.0,60.0,,,28.000000000000004,26.0,24.0,22.0,20.0,20.0,,,11.0,2.0,4.0,16.999999999999996,0.17043886160536084,0.1714911911176199,0.17043886160536084,0.2413025296900116,0.8295611383946392,0.8285088088823801,0.8295611383946392,0.7586974703099885,3.0,2.0,5.0,12.0,6.0,18.0,5.0,18.0,3.0,12.0,2.0,6.0
1005,5,2,31.3667,38.3748779,85.0,15.0,11.0,22.0,33.0,34.0,,,2,4,14.000000000000002,86.0,14.000000000000002,21.0,28.999999999999996,36.0,,,27.0,73.0,,,36.0,28.999999999999996,22.0,15.0,71.0,71.0,,,3.0000000000000018,1.0,4.0000000000000036,2.0,0.6347348311429218,0.050229375243095904,0.5137460956151078,0.2972735776767631,0.36526516885707816,0.9497706247569041,0.48625390438489224,0.7027264223232369,6.0,4.0,10.0,12.0,6.0,18.0,15.0,36.0,9.0,24.0,6.0,12.0
1005,5,3,9.966553,23.3249512,89.0,11.0,11.0,22.0,33.0,34.0,,,2,4,4.0,96.0,11.0,20.0,30.0,39.0,,,59.0,41.0,,,37.0,28.999999999999996,21.0,13.0,85.0,85.0,,,0.0,2.0,3.0,5.0,0.7907960743841644,0.045773612351856334,0.29755362379148037,0.3191715677867641,0.20920392561583556,0.9542263876481437,0.7024463762085196,0.6808284322132359,6.0,4.0,10.0,12.0,6.0,18.0,25.0,54.0,15.0,36.0,10.0,18.0
1010,5,1,110.349609,109.783569,25.0,75.0,17.0,23.0,27.0,33.0,,,2,4,40.0,60.0,22.0,24.0,26.0,28.000000000000004,,,40.0,60.0,,,18.0,23.0,27.0,33.0,15.0,15.0,,,5.0,1.0,1.0,4.9999999999999964,0.13646158094593983,0.06279345733263177,0.13646158094593983,0.00920330703738498,0.8635384190540601,0.9372065426673682,0.8635384190540601,0.990796692962615,3.0,2.0,5.0,12.0,6.0,18.0,5.0,18.0,3.0,12.0,2.0,6.0
1010,5,2,80.12402,48.94983,17.0,83.0,13.0,22.0,28.0,37.0,,,2,4,14.000000000000002,86.0,14.000000000000002,21.0,28.999999999999996,36.0,,,8.0,92.0,,,15.0,22.0,28.000000000000004,35.0,2.9999999999999982,3.0,,,1.0000000000000018,1.0,0.9999999999999964,1.0,0.035225598827779675,0.018171044725971044,0.11671528917134294,0.026759808467881663,0.9647744011722204,0.9818289552740289,0.883284710828657,0.9732401915321184,6.0,4.0,10.0,12.0,6.0,18.0,15.0,36.0,9.0,24.0,6.0,12.0
1010,5,3,16.2418213,26.8421631,8.0,92.0,12.0,21.0,29.0,38.0,,,2,4,4.0,96.0,11.0,20.0,30.0,39.0,,,5.0,95.0,,,12.0,21.0,28.999999999999996,38.0,4.0,4.0,,,1.0,1.0,1.0,1.0,0.07217499229049072,0.01878345531254388,0.05189618908454439,4.100974170246421e-09,0.9278250077095093,0.9812165446874561,0.9481038109154556,0.9999999958990259,6.0,4.0,10.0,12.0,6.0,18.0,25.0,54.0,15.0,36.0,10.0,18.0
10000,5,1,7.43334961,51.08606,40.0,60.0,20.0,23.0,27.0,30.0,,,2,4,40.0,60.0,22.0,24.0,26.0,28.000000000000004,,,40.0,60.0,,,22.0,24.0,26.0,28.000000000000004,0.0,0.0,,,2.0,1.0,1.0,1.9999999999999964,0.0,0.02715178037732564,0.0,0.02715178037732564,1.0,0.9728482196226743,1.0,0.9728482196226743,3.0,2.0,5.0,12.0,6.0,18.0,5.0,18.0,3.0,12.0,2.0,6.0
10000,5,2,11.517334,28.7183838,35.0,65.0,13.0,20.0,29.0,38.0,,,2,4,14.000000000000002,86.0,14.000000000000002,21.0,28.999999999999996,36.0,,,14.000000000000002,86.0,,,20.0,23.0,27.0,28.999999999999996,21.0,21.0,,,1.0000000000000018,1.0,3.552713678800501e-15,2.0,0.21000777668193796,0.020410141991664528,0.21000777668193796,0.10401008297410846,0.7899922233180621,0.9795898580083354,0.7899922233180621,0.8959899170258916,6.0,4.0,10.0,12.0,6.0,18.0,15.0,36.0,9.0,24.0,6.0,12.0
10000,5,3,11.2000732,23.5356445,20.0,80.0,7.0,25.0,33.0,35.0,,,2,4,4.0,96.0,11.0,20.0,30.0,39.0,,,12.0,88.0,,,16.0,22.0,28.000000000000004,34.0,16.0,16.0,,,4.0,5.0,3.0,4.0,0.2173723149402329,0.08084835309024234,0.09308638221137704,0.12357598135619134,0.7826276850597671,0.9191516469097577,0.906913617788623,0.8764240186438087,6.0,4.0,10.0,12.0,6.0,18.0,25.0,54.0,15.0,36.0,10.0,18.0
1003,6,1,8.76416,23.2758789,60.0,40.0,40.0,30.0,20.0,10.0,,,2,4,80.0,20.0,34.0,28.000000000000004,22.0,16.0,,,80.0,20.0,,,28.000000000000004,26.0,24.0,22.0,20.0,20.0,,,6.0,1.9999999999999964,2.0,6.0,0.186685710646737,0.0859547362917865,0.186685710646737,0.16326834608537147,0.813314289353263,0.9140452637082135,0.813314289353263,0.8367316539146286,3.0,2.0,5.0,12.0,6.0,18.0,5.0,18.0,3.0,12.0,2.0,6.0
1003,6,2,10.0175781,16.1525879,70.0,30.0,40.0,30.0,20.0,10.0,,,2,4,94.0,6.0,38.0,28.999999999999996,21.0,12.0,,,86.0,14.000000000000002,,,31.0,27.0,23.0,19.0,24.0,24.0,,,2.0,1.0000000000000036,1.0,2.0,0.275152932994899,0.031476497896733985,0.1655374505216001,0.1252731182737265,0.724847067005101,0.968523502103266,0.8344625494783999,0.8747268817262734,6.0,4.0,10.0,12.0,6.0,18.0,15.0,36.0,9.0,24.0,6.0,12.0
1003,6,3,9.030029,13.53833,85.0,15.0,40.0,30.0,20.0,10.0,,,2,4,96.0,4.0,39.0,30.0,20.0,11.0,,,78.0,22.0,,,36.0,28.999999999999996,22.0,15.0,11.0,11.0,,,1.0,0.0,0.0,1.0,0.16393993195032003,0.014746881138223518,0.07674612430512588,0.06840842296474858,0.8360600680496799,0.9852531188617765,0.9232538756948742,0.9315915770352514,6.0,4.0,10.0,12.0,6.0,18.0,25.0,54.0,15.0,36.0,10.0,18.0
1005,6,1,12.3035278,40.2249756,80.0,20.0,33.0,33.0,23.0,11.0,,,2,4,80.0,20.0,34.0,28.000000000000004,22.0,16.0,,,80.0,20.0,,,34.0,28.000000000000004,22.0,16.0,0.0,0.0,,,1.0,4.9999999999999964,1.0,5.0,0.0,0.07051770901229859,0.0,0.07051770901229859,1.0,0.9294822909877014,1.0,0.9294822909877014,3.0,2.0,5.0,12.0,6.0,18.0,5.0,18.0,3.0,12.0,2.0,6.0
1005,6,2,17.5582886,21.9000244,87.0,13.0,34.0,33.0,22.0,11.0,,,2,4,94.0,6.0,38.0,28.999999999999996,21.0,12.0,,,94.0,6.0,,,36.0,28.999999999999996,21.0,14.000000000000002,7.0,7.0,,,4.0,4.0000000000000036,1.0,1.0,0.10247436799537034,0.04443058763963983,0.10247436799537034,0.0502293752430946,0.8975256320046296,0.9555694123603602,0.8975256320046296,0.9497706247569054,6.0,4.0,10.0,12.0,6.0,18.0,15.0,36.0,9.0,24.0,6.0,12.0
1005,6,3,14.1749878,31.8916016,93.0,7.0,45.0,22.0,22.0,11.0,,,2,4,96.0,4.0,39.0,30.0,20.0,11.0,,,91.0,9.0,,,38.0,28.999999999999996,21.0,12.0,3.0,3.0,,,6.0,8.0,2.0,0.0,0.05621778961717207,0.07967076763300081,0.03134415767108381,0.07647757621054209,0.943782210382828,0.9203292323669992,0.9686558423289162,0.9235224237894579,6.0,4.0,10.0,12.0,6.0,18.0,25.0,54.0,15.0,36.0,10.0,18.0
1010,6,1,27.657959,102.057617,80.0,20.0,32.0,27.0,23.0,18.0,,,2,4,80.0,20.0,34.0,28.000000000000004,22.0,16.0,,,80.0,20.0,,,34.0,28.000000000000004,22.0,16.0,0.0,0.0,,,2.0,1.0000000000000036,1.0,2.0,0.0,0.028087857249215472,0.0,0.028087857249215472,1.0,0.9719121427507845,1.0,0.9719121427507845,3.0,2.0,5.0,12.0,6.0,18.0,5.0,18.0,3.0,12.0,2.0,6.0
1010,6,2,40.6914063,85.3752441,90.0,10.0,37.0,29.0,21.0,13.0,,,2,4,94.0,6.0,38.0,28.999999999999996,21.0,12.0,,,94.0,6.0,,,37.0,28.999999999999996,21.0,13.0,4.0,4.0,,,1.0,3.552713678800501e-15,0.0,1.0,0.0629200590463351,0.013870806042960482,0.0629200590463351,4.100974170246421e-09,0.9370799409536649,0.9861291939570396,0.9370799409536649,0.9999999958990259,6.0,4.0,10.0,12.0,6.0,18.0,15.0,36.0,9.0,24.0,6.0,12.0
1010,6,3,14.08374,39.5,86.0,14.0,36.0,27.0,23.0,14.0,,,2,4,96.0,4.0,39.0,30.0,20.0,11.0,,,93.0,7.000000000000001,,,36.0,28.999999999999996,21.0,14.000000000000002,10.0,10.0,,,3.0,3.0,3.0,3.0,0.152329631724979,0.055314953853173005,0.09780852958666679,0.024200767499359566,0.8476703682750211,0.944685046146827,0.9021914704133333,0.9757992325006404,6.0,4.0,10.0,12.0,6.0,18.0,25.0,54.0,15.0,36.0,10.0,18.0
10000,6,1,24.26831,38.0021973,80.0,20.0,34.0,28.0,21.0,17.0,,,2,4,80.0,20.0,34.0,28.000000000000004,22.0,16.0,,,80.0,20.0,,,34.0,28.000000000000004,22.0,16.0,0.0,0.0,,,0.0,3.552713678800501e-15,1.0,1.0,0.0,0.01389953211642412,0.0,0.01389953211642412,1.0,0.9861004678835759,1.0,0.9861004678835759,3.0,2.0,5.0,12.0,6.0,18.0,5.0,18.0,3.0,12.0,2.0,6.0
10000,6,2,12.434082,33.63501,82.0,18.0,38.0,30.0,19.0,13.0,,,2,4,94.0,6.0,38.0,28.999999999999996,21.0,12.0,,,94.0,6.0,,,35.0,28.000000000000004,22.0,15.0,12.0,12.0,,,0.0,1.0000000000000036,2.0,1.0,0.15999963389328895,0.02379634982660716,0.15999963389328895,0.04474035664891235,0.840000366106711,0.9762036501733928,0.840000366106711,0.9552596433510876,6.0,4.0,10.0,12.0,6.0,18.0,15.0,36.0,9.0,24.0,6.0,12.0
10000,6,3,14.8518066,38.08545,84.0,16.0,36.0,29.0,23.0,12.0,,,2,4,96.0,4.0,39.0,30.0,20.0,11.0,,,87.0,13.0,,,35.0,28.000000000000004,22.0,15.0,12.0,12.0,,,3.0,1.0,3.0,1.0,0.17519909168654615,0.037502458198600055,0.03621015630325952,0.03740278585555715,0.8248009083134539,0.9624975418013999,0.9637898436967405,0.9625972141444429,6.0,4.0,10.0,12.0,6.0,18.0,25.0,54.0,15.0,36.0,10.0,18.0
1003,7,1,26.8103027,16.859375,25.0,35.0,40.0,60.0,,,40.0,,3,2,20.0,33.0,45.0,55.00000000000001,,,47.0,,20.0,33.0,47.0,,47.0,53.0,,,5.0,2.0,7.0,,5.0,4.999999999999993,,,0.06522006285123547,0.042962057701503034,0.06522006285123547,0.059988030512285094,0.9347799371487645,0.9570379422984969,0.9347799371487645,0.9400119694877149,6.0,4.0,10.0,6.0,3.0,9.0,10.0,9.0,6.0,6.0,4.0,3.0
1003,7,2,45.33716,17.2595215,20.0,30.0,35.0,65.0,,,50.0,,3,2,11.0,30.0,40.0,60.0,,,59.0,,14.000000000000002,33.0,53.0,,44.0,56.00000000000001,,,9.0,0.0,9.0,,5.0,5.0,,,0.11065446401217424,0.043871152365593455,0.06833454877828075,0.07824798652276028,0.8893455359878257,0.9561288476344065,0.9316654512217193,0.9217520134772397,11.0,7.0,18.0,6.0,3.0,9.0,28.0,18.0,17.0,12.0,11.0,6.0
1003,7,3,21.1831055,26.10205,15.0,40.0,60.0,40.0,,,45.0,,3,2,19.0,37.0,45.0,55.00000000000001,,,44.0,,32.0,34.0,34.0,,44.0,56.00000000000001,,,4.0,3.0,1.0,,15.0,15.000000000000007,,,0.04651263141178122,0.1278020141530312,0.17316814196177024,0.13629555442801367,0.9534873685882188,0.8721979858469688,0.8268318580382298,0.8637044455719863,11.0,7.0,18.0,6.0,3.0,9.0,46.0,27.0,28.0,18.0,18.0,9.0
1005,7,1,68.44159,20.8666382,47.0,33.0,33.0,67.0,,,20.0,,3,2,20.0,33.0,45.0,55.00000000000001,,,47.0,,20.0,33.0,47.0,,55.00000000000001,45.0,,,27.0,0.0,27.0,,12.0,11.999999999999993,,,0.28418765219350145,0.10463811505048805,0.28418765219350145,0.18904260852592894,0.7158123478064986,0.895361884949512,0.7158123478064986,0.8109573914740711,6.0,4.0,10.0,6.0,3.0,9.0,10.0,9.0,6.0,6.0,4.0,3.0
1005,7,2,44.6832581,27.2749329,65.0,20.0,29.0,71.0,,,15.0,,3,2,11.0,30.0,40.0,60.0,,,59.0,,32.0,37.0,31.0,,60.0,40.0,,,54.0,10.0,44.0,,11.0,11.0,,,0.5113579211146925,0.09842390859029032,0.28350980892047273,0.26724162619871256,0.48864207888530753,0.9015760914097097,0.7164901910795273,0.7327583738012875,11.0,7.0,18.0,6.0,3.0,9.0,28.0,18.0,17.0,12.0,11.0,6.0
1005,7,3,48.99173,50.69983,40.0,45.0,44.0,56.0,,,15.0,,3,2,19.0,37.0,45.0,55.00000000000001,,,44.0,,76.0,17.0,7.000000000000001,,55.00000000000001,45.0,,,21.0,8.0,29.0,,1.0,0.9999999999999929,,,0.2899837613110244,0.008545148649198088,0.3146526144260044,0.09352473705244906,0.7100162386889757,0.9914548513508019,0.6853473855739955,0.906475262947551,11.0,7.0,18.0,6.0,3.0,9.0,46.0,27.0,28.0,18.0,18.0,9.0
1010,7,1,50.5332031,38.9917,20.0,33.0,40.0,60.0,,,47.0,,3,2,20.0,33.0,45.0,55.00000000000001,,,47.0,,20.0,33.0,47.0,,45.0,55.00000000000001,,,0.0,0.0,0.0,,5.0,4.999999999999993,,,0.0,0.042962057701503034,0.0,0.042962057701503034,1.0,0.9570379422984969,1.0,0.9570379422984969,6.0,4.0,10.0,6.0,3.0,9.0,10.0,9.0,6.0,6.0,4.0,3.0
1010,7,2,31.2597656,13.2495117,15.0,25.0,40.0,60.0,,,60.0,,3,2,11.0,30.0,40.0,60.0,,,59.0,,11.0,30.0,59.0,,41.0,59.0,,,4.0,5.0,1.0,,0.0,0.0,,,0.06245295235020949,0.0,0.06245295235020949,0.008650886196158492,0.9375470476497905,1.0,0.9375470476497905,0.9913491138038415,11.0,7.0,18.0,6.0,3.0,9.0,28.0,18.0,17.0,12.0,11.0,6.0
1010,7,3,12.1401367,11.5932617,20.0,20.0,58.0,42.0,,,60.0,,3,2,19.0,37.0,45.0,55.00000000000001,,,44.0,,26.0,30.0,44.0,,42.0,57.99999999999999,,,1.0,17.0,16.0,,13.0,13.000000000000007,,,0.1660542081076898,0.11061878368468632,0.1378642654558862,0.13618408484968564,0.8339457918923102,0.8893812163153136,0.8621357345441139,0.8638159151503144,11.0,7.0,18.0,6.0,3.0,9.0,46.0,27.0,28.0,18.0,18.0,9.0
10000,7,1,56.4866943,6.833618,20.0,33.0,43.0,57.0,,,47.0,,3,2,20.0,33.0,45.0,55.00000000000001,,,47.0,,20.0,33.0,47.0,,45.0,55.00000000000001,,,0.0,0.0,0.0,,2.0,1.999999999999993,,,0.0,0.017110687849744854,0.0,0.017110687849744854,1.0,0.9828893121502551,1.0,0.9828893121502551,6.0,4.0,10.0,6.0,3.0,9.0,10.0,9.0,6.0,6.0,4.0,3.0
10000,7,2,20.184082,10.1677246,16.0,33.0,28.0,72.0,,,51.0,,3,2,11.0,30.0,40.0,60.0,,,59.0,,11.0,30.0,59.0,,43.0,56.99999999999999,,,5.0,3.0,8.0,,12.0,12.0,,,0.07729611045740707,0.1077868380908843,0.07729611045740707,0.1334970364204328,0.922703889542593,0.8922131619091157,0.922703889542593,0.8665029635795671,11.0,7.0,18.0,6.0,3.0,9.0,28.0,18.0,17.0,12.0,11.0,6.0
10000,7,3,30.1005859,8.451416,22.0,37.0,43.0,57.0,,,41.0,,3,2,19.0,37.0,45.0,55.00000000000001,,,44.0,,26.0,38.0,36.0,,46.0,54.0,,,3.0,0.0,3.0,,2.0,1.999999999999993,,,0.034269520990604305,0.017110687849744854,0.04922982362181706,0.025637261374728274,0.9657304790093957,0.9828893121502551,0.950770176378183,0.9743627386252717,11.0,7.0,18.0,6.0,3.0,9.0,46.0,27.0,28.0,18.0,18.0,9.0
1003,8,1,19.074707,13.1118164,40.0,32.0,52.0,48.0,,,28.0,,3,2,47.0,33.0,55.00000000000001,45.0,,,20.0,,47.0,33.0,20.0,,52.0,48.0,,,7.0,1.0,8.0,,3.000000000000007,3.0,,,0.08318994705576435,0.02554427320108188,0.08318994705576435,0.0,0.9168100529442357,0.9744557267989181,0.9168100529442357,1.0,6.0,4.0,10.0,6.0,3.0,9.0,10.0,9.0,6.0,6.0,4.0,3.0
1003,8,2,25.0097656,10.6508789,50.0,30.0,65.0,35.0,,,20.0,,3,2,59.0,30.0,60.0,40.0,,,11.0,,53.0,31.0,16.0,,56.00000000000001,44.0,,,9.0,0.0,9.0,,5.0,5.0,,,0.11065446401217424,0.043871152365593455,0.04450432706214796,0.07824798652276028,0.8893455359878257,0.9561288476344065,0.9554956729378521,0.9217520134772397,11.0,7.0,18.0,6.0,3.0,9.0,28.0,18.0,17.0,12.0,11.0,6.0
1003,8,3,19.527832,24.9963379,50.0,30.0,60.0,40.0,,,20.0,,3,2,44.0,37.0,55.00000000000001,45.0,,,19.0,,34.0,34.0,32.0,,56.00000000000001,44.0,,,6.0,7.0,1.0,,4.999999999999993,5.0,,,0.06416632311746721,0.042962057701503034,0.148459314342507,0.03442146416541959,0.9358336768825328,0.9570379422984969,0.851540685657493,0.9655785358345804,11.0,7.0,18.0,6.0,3.0,9.0,46.0,27.0,28.0,18.0,18.0,9.0
1005,8,1,21.2583,9.633545,47.0,33.0,70.0,30.0,,,20.0,,3,2,47.0,33.0,55.00000000000001,45.0,,,20.0,,47.0,33.0,20.0,,55.00000000000001,45.0,,,0.0,0.0,0.0,,14.999999999999993,15.0,,,0.0,0.1319140868736712,0.0,0.1319140868736712,1.0,0.8680859131263288,1.0,0.8680859131263288,6.0,4.0,10.0,6.0,3.0,9.0,10.0,9.0,6.0,6.0,4.0,3.0
1005,8,2,18.9702148,5.5,70.0,20.0,71.0,29.0,,,10.0,,3,2,59.0,30.0,60.0,40.0,,,11.0,,59.0,30.0,11.0,,62.0,38.0,,,11.0,10.0,1.0,,11.0,11.0,,,0.10402567715936735,0.09842390859029032,0.10402567715936789,0.08106699131106163,0.8959743228406326,0.9015760914097097,0.895974322840632,0.9189330086889383,11.0,7.0,18.0,6.0,3.0,9.0,28.0,18.0,17.0,12.0,11.0,6.0
1005,8,3,15.2165527,9.958496,67.0,22.0,63.0,37.0,,,11.0,,3,2,44.0,37.0,55.00000000000001,45.0,,,19.0,,55.00000000000001,26.0,18.0,,61.0,39.0,,,23.0,15.0,8.0,,7.999999999999993,8.0,,,0.19750681929968827,0.06911725848430898,0.10798433902932647,0.017498617951799928,0.8024931807003117,0.9308827415156911,0.8920156609706735,0.9825013820482,11.0,7.0,18.0,6.0,3.0,9.0,46.0,27.0,28.0,18.0,18.0,9.0
1010,8,1,136.45752,59.8256836,45.0,35.0,64.0,36.0,,,20.0,,3,2,47.0,33.0,55.00000000000001,45.0,,,20.0,,47.0,33.0,20.0,,55.00000000000001,45.0,,,2.0,2.0,0.0,,8.999999999999993,9.0,,,0.01920985857819746,0.07792013742656748,0.01920985857819746,0.07792013742656748,0.9807901414218025,0.9220798625734326,0.9807901414218025,0.9220798625734326,6.0,4.0,10.0,6.0,3.0,9.0,10.0,9.0,6.0,6.0,4.0,3.0
1010,8,2,36.72412,11.9411621,50.0,36.0,60.0,40.0,,,14.0,,3,2,59.0,30.0,60.0,40.0,,,11.0,,56.99999999999999,32.0,11.0,,56.99999999999999,43.0,,,9.0,6.0,3.0,,0.0,0.0,,,0.07716786936184705,0.0,0.06167299115303914,0.025858248058696683,0.922832130638153,1.0,0.9383270088469609,0.9741417519413034,11.0,7.0,18.0,6.0,3.0,9.0,28.0,18.0,17.0,12.0,11.0,6.0
1010,8,3,39.12451,33.7910156,45.0,38.0,56.0,44.0,,,17.0,,3,2,44.0,37.0,55.00000000000001,45.0,,,19.0,,35.0,42.0,23.0,,56.00000000000001,44.0,,,1.0,1.0,2.0,,0.9999999999999929,1.0,,,0.022126280252679594,0.008545148649198088,0.0921967057049205,0.0,0.9778737197473204,0.9914548513508019,0.9078032942950796,1.0,11.0,7.0,18.0,6.0,3.0,9.0,46.0,27.0,28.0,18.0,18.0,9.0
10000,8,1,15.3007813,7.75048828,40.0,35.0,60.0,40.0,,,25.0,,3,2,47.0,33.0,55.00000000000001,45.0,,,20.0,,47.0,33.0,20.0,,53.0,47.0,,,7.0,2.0,5.0,,4.999999999999993,5.0,,,0.06522006285123548,0.042962057701503034,0.06522006285123548,0.059988030512285094,0.9347799371487645,0.9570379422984969,0.9347799371487645,0.9400119694877149,6.0,4.0,10.0,6.0,3.0,9.0,10.0,9.0,6.0,6.0,4.0,3.0
10000,8,2,17.5344238,6.95019531,45.0,35.0,61.0,39.0,,,20.0,,3,2,59.0,30.0,60.0,40.0,,,11.0,,53.0,33.0,14.000000000000002,,55.00000000000001,45.0,,,14.0,5.0,9.0,,1.0,1.0,,,0.1332955035954824,0.008687014087790244,0.0800575178954609,0.05164197698777288,0.8667044964045176,0.9913129859122097,0.9199424821045391,0.9483580230122272,11.0,7.0,18.0,6.0,3.0,9.0,28.0,18.0,17.0,12.0,11.0,6.0
10000,8,3,31.8352051,9.76709,43.0,32.0,55.0,45.0,,,25.0,,3,2,44.0,37.0,55.00000000000001,45.0,,,19.0,,30.0,39.0,31.0,,54.0,46.0,,,1.0,5.0,6.0,,7.105427357601002e-15,0.0,,,0.06564734662286778,0.0,0.11493835965714799,0.008527899910057452,0.9343526533771322,1.0,0.885061640342852,0.9914721000899426,11.0,7.0,18.0,6.0,3.0,9.0,46.0,27.0,28.0,18.0,18.0,9.0
1003,9,1,17.4067383,37.60022,10.0,15.0,20.0,20.0,60.0,,75.0,,3,3,10.0,20.0,23.0,23.0,54.0,,70.0,,10.0,20.0,70.0,,24.0,20.0,56.00000000000001,,0.0,5.0,5.0,,3.0,3.0,6.0,,0.05663082905866844,0.05148320640240413,0.05663082905866844,0.04255506033085096,0.9433691709413315,0.9485167935975959,0.9433691709413315,0.957444939669149,6.0,4.0,10.0,12.0,6.0,18.0,10.0,18.0,6.0,12.0,4.0,6.0
1003,9,2,11.1241455,17.2999268,10.0,10.0,20.0,10.0,70.0,,80.0,,3,3,2.0,7.000000000000001,20.0,14.000000000000002,65.0,,91.0,,2.0,5.0,93.0,,24.0,17.0,59.0,,8.0,2.999999999999999,11.0,,0.0,4.000000000000002,5.0,,0.15959962164464328,0.055501882088518396,0.17508036829246393,0.10640236218303972,0.8404003783553567,0.9444981179114816,0.824919631707536,0.8935976378169603,11.0,7.0,18.0,12.0,6.0,18.0,28.0,36.0,17.0,24.0,11.0,12.0
1003,9,3,19.11316,14.26001,10.0,10.0,20.0,10.0,70.0,,80.0,,3,3,6.0,4.0,23.0,13.0,64.0,,90.0,,28.999999999999996,4.0,67.0,,24.0,17.0,59.0,,4.0,6.0,10.0,,3.0,3.0,6.0,,0.12389380756353684,0.05603723739938558,0.22041714965862844,0.10640236218303972,0.8761061924364631,0.9439627626006144,0.7795828503413715,0.8935976378169603,11.0,7.0,18.0,12.0,6.0,18.0,46.0,54.0,28.0,36.0,18.0,18.0
1005,9,1,11.0700684,20.1167,10.0,20.0,22.0,11.0,67.0,,70.0,,3,3,10.0,20.0,23.0,23.0,54.0,,70.0,,10.0,20.0,70.0,,23.0,23.0,54.0,,0.0,0.0,0.0,,1.0,12.0,13.0,,0.0,0.14400376077690868,0.0,0.14400376077690868,1.0,0.8559962392230913,1.0,0.8559962392230913,6.0,4.0,10.0,12.0,6.0,18.0,10.0,18.0,6.0,12.0,4.0,6.0
1005,9,2,26.2165527,13.44165,9.0,22.0,22.0,11.0,67.0,,69.0,,3,3,2.0,7.000000000000001,20.0,14.000000000000002,65.0,,91.0,,2.0,7.000000000000001,91.0,,22.0,24.0,54.0,,7.0,15.0,22.0,,2.0,3.0000000000000018,2.0,,0.24023023339592117,0.041771470558307634,0.24023023339592117,0.15128435802349716,0.7597697666040788,0.9582285294416923,0.7597697666040788,0.8487156419765028,11.0,7.0,18.0,12.0,6.0,18.0,28.0,36.0,17.0,24.0,11.0,12.0
1005,9,3,20.2749023,19.9250488,27.0,13.0,11.0,29.0,60.0,,60.0,,3,3,6.0,4.0,23.0,13.0,64.0,,90.0,,28.000000000000004,10.0,62.0,,32.0,21.0,47.0,,21.0,9.0,30.0,,12.0,16.0,4.0,,0.3033396651469253,0.19653069579806678,0.039990012840212044,0.22128954812162666,0.6966603348530747,0.8034693042019332,0.9600099871597879,0.7787104518783734,11.0,7.0,18.0,12.0,6.0,18.0,46.0,54.0,28.0,36.0,18.0,18.0
1010,9,1,14.6918945,53.6826172,10.0,20.0,30.0,15.0,55.0,,70.0,,3,3,10.0,20.0,23.0,23.0,54.0,,70.0,,10.0,20.0,70.0,,23.0,23.0,54.0,,0.0,0.0,0.0,,7.0,8.0,1.0,,0.0,0.0974555062143417,0.0,0.0974555062143417,1.0,0.9025444937856583,1.0,0.9025444937856583,6.0,4.0,10.0,12.0,6.0,18.0,10.0,18.0,6.0,12.0,4.0,6.0
1010,9,2,32.29883,36.95117,5.0,15.0,18.0,12.0,70.0,,80.0,,3,3,2.0,7.000000000000001,20.0,14.000000000000002,65.0,,91.0,,2.0,7.000000000000001,91.0,,21.0,20.0,59.0,,3.0,7.999999999999999,11.0,,2.0,2.0000000000000018,5.0,,0.1344671633174039,0.03991375456154973,0.1344671633174039,0.10728877909608059,0.8655328366825961,0.9600862454384502,0.8655328366825961,0.8927112209039194,11.0,7.0,18.0,12.0,6.0,18.0,28.0,36.0,17.0,24.0,11.0,12.0
1010,9,3,45.65918,35.1167,11.0,11.0,23.0,12.0,65.0,,78.0,,3,3,6.0,4.0,23.0,13.0,64.0,,90.0,,17.0,7.000000000000001,76.0,,24.0,18.0,57.99999999999999,,5.0,7.0,12.0,,0.0,1.0,1.0,,0.14397687475873136,0.013125070927373387,0.08944264497593056,0.07662742823729117,0.8560231252412687,0.9868749290726266,0.9105573550240694,0.9233725717627088,11.0,7.0,18.0,12.0,6.0,18.0,46.0,54.0,28.0,36.0,18.0,18.0
10000,9,1,27.6673584,22.8179932,6.0,12.0,13.0,33.0,54.0,,82.0,,3,3,10.0,20.0,23.0,23.0,54.0,,70.0,,10.0,20.0,70.0,,22.0,18.0,60.0,,4.0,8.0,12.0,,10.0,10.0,0.0,,0.11981780712830634,0.12894565844061376,0.11981780712830634,0.16040837128378127,0.8801821928716936,0.8710543415593862,0.8801821928716936,0.8395916287162187,6.0,4.0,10.0,12.0,6.0,18.0,10.0,18.0,6.0,12.0,4.0,6.0
10000,9,2,22.6523438,30.7518311,10.0,27.0,13.0,27.0,60.0,,63.0,,3,3,2.0,7.000000000000001,20.0,14.000000000000002,65.0,,91.0,,1.0,4.0,95.0,,22.0,27.0,50.0,,8.0,20.0,28.0,,7.0,12.999999999999998,5.0,,0.29113795288562405,0.14607924346433035,0.35124756113200556,0.10845477033160031,0.708862047114376,0.8539207565356697,0.6487524388679944,0.8915452296683997,11.0,7.0,18.0,12.0,6.0,18.0,28.0,36.0,17.0,24.0,11.0,12.0
10000,9,3,29.6188965,23.5181885,0.0,20.0,23.0,35.0,42.0,,80.0,,3,3,6.0,4.0,23.0,13.0,64.0,,90.0,,31.0,12.0,56.99999999999999,,18.0,22.0,60.0,,6.0,16.0,10.0,,0.0,22.0,22.0,,0.2722501514938964,0.23313285340446266,0.41986125648354483,0.15655663246509344,0.7277498485061036,0.7668671465955373,0.5801387435164551,0.8434433675349066,11.0,7.0,18.0,12.0,6.0,18.0,46.0,54.0,28.0,36.0,18.0,18.0
1003,10,1,26.7849121,14.6445313,25.0,50.0,25.0,50.0,25.0,,25.0,,3,3,20.0,70.0,23.0,54.0,23.0,,10.0,,20.0,70.0,10.0,,27.0,42.0,30.0,,5.0,20.0,15.0,,2.0,4.0,2.0,,0.19503982425788835,0.03400465534436373,0.19503982425788785,0.06659999713783031,0.8049601757421116,0.9659953446556363,0.8049601757421121,0.9334000028621697,6.0,4.0,10.0,12.0,6.0,18.0,10.0,18.0,6.0,12.0,4.0,6.0
1003,10,2,18.0202637,36.50757,22.0,60.0,18.0,64.0,18.0,,18.0,,3,3,7.000000000000001,91.0,14.000000000000002,65.0,20.0,,2.0,,12.0,82.0,6.0,,25.0,48.0,27.0,,15.0,31.0,16.0,,3.9999999999999982,1.0,2.0,,0.32497116557045563,0.04700162855439894,0.2139070262365499,0.13761072508789526,0.6750288344295443,0.9529983714456011,0.7860929737634501,0.8623892749121047,11.0,7.0,18.0,12.0,6.0,18.0,28.0,36.0,17.0,24.0,11.0,12.0
1003,10,3,10.20459,16.3657227,10.0,80.0,10.0,70.0,20.0,,10.0,,3,3,2.0,97.0,11.0,68.0,20.0,,0.0,,9.0,87.0,4.0,,17.0,59.0,24.0,,8.0,17.0,10.0,,1.0,2.0,0.0,,0.27821115209723873,0.016109719567277685,0.10406752935366334,0.10640236218303971,0.7217888479027612,0.9838902804327223,0.8959324706463366,0.8935976378169603,11.0,7.0,18.0,12.0,6.0,18.0,46.0,54.0,28.0,36.0,18.0,18.0
1005,10,1,15.2416992,34.7167969,20.0,70.0,11.0,22.0,67.0,,10.0,,3,3,20.0,70.0,23.0,54.0,23.0,,10.0,,20.0,70.0,10.0,,23.0,54.0,23.0,,0.0,0.0,0.0,,12.0,32.0,44.0,,0.0,0.38310565107589245,1.2655881051540659e-08,0.38310565107589245,1.0,0.6168943489241075,0.999999987344119,0.6168943489241075,6.0,4.0,10.0,12.0,6.0,18.0,10.0,18.0,6.0,12.0,4.0,6.0
1005,10,2,17.1999512,12.0166016,17.0,73.0,11.0,22.0,67.0,,10.0,,3,3,7.000000000000001,91.0,14.000000000000002,65.0,20.0,,2.0,,7.000000000000001,91.0,2.0,,21.0,56.00000000000001,23.0,,10.0,18.0,8.0,,3.0000000000000018,43.0,47.0,,0.208889444174758,0.4230599886077014,0.208889444174758,0.3844056056931699,0.791110555825242,0.5769400113922987,0.791110555825242,0.61559439430683,11.0,7.0,18.0,12.0,6.0,18.0,28.0,36.0,17.0,24.0,11.0,12.0
1005,10,3,27.55835,15.4250488,14.0,80.0,10.0,20.0,70.0,,6.0,,3,3,2.0,97.0,11.0,68.0,20.0,,0.0,,6.0,92.0,2.0,,19.0,59.0,22.0,,12.0,17.0,6.0,,1.0,48.0,50.0,,0.2699550752455069,0.45506674251903123,0.14980598718319635,0.4216271124384075,0.7300449247544931,0.5449332574809688,0.8501940128168036,0.5783728875615926,11.0,7.0,18.0,12.0,6.0,18.0,46.0,54.0,28.0,36.0,18.0,18.0
1010,10,1,16.2417,44.39209,20.0,70.0,17.0,58.0,25.0,,10.0,,3,3,20.0,70.0,23.0,54.0,23.0,,10.0,,20.0,70.0,10.0,,23.0,54.0,23.0,,0.0,0.0,0.0,,6.0,4.0,2.0,,0.0,0.06383066496251251,1.2655881051540659e-08,0.06383066496251251,1.0,0.9361693350374874,0.999999987344119,0.9361693350374874,6.0,4.0,10.0,12.0,6.0,18.0,10.0,18.0,6.0,12.0,4.0,6.0
1010,10,2,21.2734375,53.07617,20.0,75.0,15.0,65.0,20.0,,5.0,,3,3,7.000000000000001,91.0,14.000000000000002,65.0,20.0,,2.0,,7.000000000000001,91.0,2.0,,23.0,56.99999999999999,21.0,,13.0,16.0,3.0,,0.9999999999999982,0.0,0.0,,0.1841250696599094,0.010334971104642938,0.1841250696599094,0.08969595674858218,0.8158749303400906,0.989665028895357,0.8158749303400906,0.9103040432514178,11.0,7.0,18.0,12.0,6.0,18.0,28.0,36.0,17.0,24.0,11.0,12.0
1010,10,3,21.5581055,30.2929688,10.0,5.0,12.0,65.0,23.0,,85.0,,3,3,2.0,97.0,11.0,68.0,20.0,,0.0,,7.000000000000001,92.0,1.0,,24.0,14.000000000000002,61.0,,8.0,92.0,85.0,,1.0,3.0,3.0,,0.9035782562189879,0.03382526752098738,0.8576396460894166,0.45708419300968994,0.09642174378101209,0.9661747324790126,0.14236035391058344,0.5429158069903101,11.0,7.0,18.0,12.0,6.0,18.0,46.0,54.0,28.0,36.0,18.0,18.0
10000,10,1,16.3839111,22.4682617,31.0,51.0,45.0,35.0,20.0,,18.0,,3,3,20.0,70.0,23.0,54.0,23.0,,10.0,,20.0,70.0,10.0,,30.0,44.0,26.0,,11.0,19.0,8.0,,22.0,19.0,3.0,,0.16670333159364897,0.204052675893795,0.16670333159364933,0.13202400754818538,0.833296668406351,0.795947324106205,0.8332966684063506,0.8679759924518147,6.0,4.0,10.0,12.0,6.0,18.0,10.0,18.0,6.0,12.0,4.0,6.0
10000,10,2,37.7354736,37.1513672,33.0,50.0,22.0,48.0,30.0,,17.0,,3,3,7.000000000000001,91.0,14.000000000000002,65.0,20.0,,2.0,,14.000000000000002,82.0,4.0,,31.0,43.0,25.0,,26.0,41.0,15.0,,7.999999999999998,17.0,10.0,,0.39837791857828303,0.15194553025441004,0.2966694402343416,0.0905187439778296,0.601622081421717,0.84805446974559,0.7033305597656584,0.9094812560221704,11.0,7.0,18.0,12.0,6.0,18.0,28.0,36.0,17.0,24.0,11.0,12.0
10000,10,3,34.651123,19.1187744,28.0,64.0,20.0,68.0,12.0,,8.0,,3,3,2.0,97.0,11.0,68.0,20.0,,0.0,,15.0,81.0,4.0,,28.000000000000004,51.0,21.0,,26.0,33.0,8.0,,9.0,0.0,8.0,,0.40324275877090743,0.1300760713667508,0.16280961999196633,0.15028907879230022,0.5967572412290926,0.8699239286332492,0.8371903800080337,0.8497109212076998,11.0,7.0,18.0,12.0,6.0,18.0,46.0,54.0,28.0,36.0,18.0,18.0
1003,11,1,24.99707,16.6330566,30.0,30.0,25.0,25.0,25.0,25.0,40.0,,3,4,28.999999999999996,28.999999999999996,25.0,23.0,24.0,28.999999999999996,43.0,,28.999999999999996,28.999999999999996,43.0,,25.0,23.0,24.0,28.000000000000004,1.0000000000000036,1.0000000000000036,3.0,,0.0,2.0,1.0,3.9999999999999964,0.022204862593555384,0.03766924641543962,0.022204862593555384,0.03141739718898239,0.9777951374064446,0.9623307535845604,0.9777951374064446,0.9685826028110176,6.0,4.0,10.0,18.0,9.0,27.0,10.0,27.0,6.0,18.0,4.0,9.0
1003,11,2,22.222168,45.9382324,20.0,35.0,20.0,20.0,25.0,35.0,45.0,,3,4,10.0,30.0,19.0,21.0,26.0,34.0,60.0,,11.0,32.0,56.99999999999999,,23.0,22.0,24.0,31.0,10.0,5.0,15.0,,1.0,1.0,1.0,1.0,0.14628544543543537,0.017420298173310728,0.1230830852371792,0.04525096260677114,0.8537145545645646,0.9825797018266893,0.8769169147628209,0.9547490373932288,11.0,7.0,18.0,18.0,9.0,27.0,28.0,54.0,17.0,36.0,11.0,18.0
1003,11,3,37.2543945,34.0532227,15.0,35.0,10.0,20.0,30.0,40.0,50.0,,3,4,3.0,26.0,16.0,20.0,27.0,36.0,71.0,,7.000000000000001,34.0,59.0,,21.0,21.0,25.0,32.0,12.0,9.0,21.0,,6.0,0.0,3.0,4.0,0.22252371050158337,0.07987858517510833,0.1160702471954398,0.13929333267831034,0.7774762894984166,0.9201214148248916,0.8839297528045602,0.8607066673216897,11.0,7.0,18.0,18.0,9.0,27.0,46.0,81.0,28.0,54.0,18.0,27.0
1005,11,1,43.0880127,39.4035645,29.0,29.0,27.0,23.0,23.0,27.0,42.0,,3,4,28.999999999999996,28.999999999999996,25.0,23.0,24.0,28.999999999999996,43.0,,28.999999999999996,28.999999999999996,43.0,,24.0,23.0,24.0,28.000000000000004,3.552713678800501e-15,3.552713678800501e-15,1.0,,2.0,0.0,1.0,1.9999999999999964,0.004936393797597613,0.024311201209525454,0.004936393797597613,0.027657447734734962,0.9950636062024024,0.9756887987904745,0.9950636062024024,0.972342552265265,6.0,4.0,10.0,18.0,9.0,27.0,10.0,27.0,6.0,18.0,4.0,9.0
1005,11,2,21.1165771,36.67505,13.0,37.0,10.0,20.0,30.0,40.0,50.0,,3,4,10.0,30.0,19.0,21.0,26.0,34.0,60.0,,10.0,31.0,59.0,,21.0,21.0,25.0,32.0,3.0,7.0,10.0,,9.0,1.0,4.0,6.0,0.08568155194635704,0.11453463839650874,0.07752797046994232,0.13929333267831034,0.9143184480536429,0.8854653616034913,0.9224720295300577,0.8607066673216897,11.0,7.0,18.0,18.0,9.0,27.0,28.0,54.0,17.0,36.0,11.0,18.0
1005,11,3,25.5249023,14.5500488,10.0,35.0,10.0,20.0,30.0,40.0,55.0,,3,4,3.0,26.0,16.0,20.0,27.0,36.0,71.0,,4.0,34.0,62.0,,20.0,21.0,26.0,34.0,7.0,9.0,16.0,,6.0,0.0,3.0,4.0,0.16277856364258,0.07987858517510833,0.10557106645627624,0.12265763784763319,0.83722143635742,0.9201214148248916,0.8944289335437238,0.8773423621523668,11.0,7.0,18.0,18.0,9.0,27.0,46.0,81.0,28.0,54.0,18.0,27.0
1010,11,1,53.2250977,70.8916,30.0,30.0,20.0,25.0,25.0,30.0,40.0,,3,4,28.999999999999996,28.999999999999996,25.0,23.0,24.0,28.999999999999996,43.0,,28.999999999999996,28.999999999999996,43.0,,25.0,23.0,24.0,28.000000000000004,1.0000000000000036,1.0000000000000036,3.0,,5.0,2.0,1.0,1.0000000000000036,0.022204862593555384,0.04912855127771478,0.022204862593555384,0.05129265906754439,0.9777951374064446,0.9508714487222852,0.9777951374064446,0.9487073409324556,6.0,4.0,10.0,18.0,9.0,27.0,10.0,27.0,6.0,18.0,4.0,9.0
1010,11,2,23.3583984,28.7915039,25.0,30.0,15.0,15.0,35.0,35.0,45.0,,3,4,10.0,30.0,19.0,21.0,26.0,34.0,60.0,,11.0,32.0,56.99999999999999,,24.0,23.0,24.0,30.0,15.0,0.0,15.0,,4.0,6.0,9.0,1.0,0.17807057332096599,0.1009154398221783,0.15968929805809626,0.14960177746701372,0.821929426679034,0.8990845601778217,0.8403107019419037,0.8503982225329862,11.0,7.0,18.0,18.0,9.0,27.0,28.0,54.0,17.0,36.0,11.0,18.0
1010,11,3,19.6494141,64.8510742,10.0,40.0,23.0,20.0,23.0,34.0,50.0,,3,4,3.0,26.0,16.0,20.0,27.0,36.0,71.0,,8.0,31.0,61.0,,21.0,21.0,25.0,33.0,7.0,14.0,21.0,,7.0,0.0,4.0,2.0,0.19582390007415557,0.0770094099258721,0.09416530068920718,0.027757135489602052,0.8041760999258445,0.9229905900741279,0.9058346993107929,0.972242864510398,11.0,7.0,18.0,18.0,9.0,27.0,46.0,81.0,28.0,54.0,18.0,27.0
10000,11,1,67.61926,68.47171,30.0,30.0,20.0,24.0,27.0,29.0,40.0,,3,4,28.999999999999996,28.999999999999996,25.0,23.0,24.0,28.999999999999996,43.0,,28.999999999999996,28.999999999999996,43.0,,25.0,23.0,24.0,28.000000000000004,1.0000000000000036,1.0000000000000036,3.0,,5.0,1.0,3.0,3.552713678800501e-15,0.022204862593555384,0.05186898682519042,0.022204862593555384,0.05277083897132204,0.9777951374064446,0.9481310131748095,0.9777951374064446,0.9472291610286779,6.0,4.0,10.0,18.0,9.0,27.0,10.0,27.0,6.0,18.0,4.0,9.0
10000,11,2,83.08722,32.236145,29.0,31.0,14.0,24.0,27.0,35.0,40.0,,3,4,10.0,30.0,19.0,21.0,26.0,34.0,60.0,,11.0,32.0,56.99999999999999,,25.0,23.0,24.0,28.000000000000004,19.0,1.0,20.0,,5.0,3.0,1.0,1.0,0.22233769052267413,0.059876042886791166,0.2028525600090757,0.12193470508194325,0.7776623094773258,0.9401239571132088,0.7971474399909243,0.8780652949180567,11.0,7.0,18.0,18.0,9.0,27.0,28.0,54.0,17.0,36.0,11.0,18.0
10000,11,3,76.17108,34.63501,15.0,36.0,9.0,12.0,35.0,44.0,49.0,,3,4,3.0,26.0,16.0,20.0,27.0,36.0,71.0,,10.0,33.0,56.99999999999999,,22.0,21.0,25.0,32.0,12.0,10.0,22.0,,7.0,8.0,8.0,8.0,0.22797054923158827,0.14546947682923386,0.07925587035129233,0.20530854522457803,0.7720294507684118,0.8545305231707662,0.9207441296487077,0.794691454775422,11.0,7.0,18.0,18.0,9.0,27.0,46.0,81.0,28.0,54.0,18.0,27.0
1003,12,1,9.976074,48.1259766,35.0,35.0,35.0,25.0,20.0,20.0,30.0,,3,4,50.0,38.0,33.0,25.0,21.0,21.0,12.0,,50.0,38.0,12.0,,28.000000000000004,23.0,23.0,26.0,15.0,3.0,18.0,,2.0,0.0,1.0,1.0,0.19694389982931332,0.01970145938747562,0.19694389982931332,0.08184085028020215,0.8030561001706866,0.9802985406125244,0.8030561001706866,0.9181591497197978,6.0,4.0,10.0,18.0,9.0,27.0,10.0,27.0,6.0,18.0,4.0,9.0
1003,12,2,12.097168,32.3063965,45.0,30.0,40.0,28.0,20.0,12.0,25.0,,3,4,62.0,35.0,36.0,26.0,21.0,18.0,4.0,,51.0,38.0,11.0,,30.0,24.0,23.0,24.0,17.0,5.0,21.0,,4.0,2.0,1.0,6.0,0.2679408348091176,0.073678812137071,0.15786108414828726,0.14705166627801902,0.7320591651908823,0.9263211878629289,0.8421389158517127,0.852948333721981,11.0,7.0,18.0,18.0,9.0,27.0,28.0,54.0,17.0,36.0,11.0,18.0
1003,12,3,15.4047852,15.3527832,70.0,20.0,40.0,30.0,20.0,10.0,10.0,,3,4,71.0,26.0,36.0,27.0,20.0,16.0,3.0,,55.00000000000001,24.0,20.0,,35.0,27.0,21.0,17.0,1.0,6.0,7.0,,4.0,3.0,0.0,6.0,0.1311432935522461,0.07987858517510829,0.14196333545286702,0.09209667472638992,0.8688567064477539,0.9201214148248917,0.858036664547133,0.9079033252736101,11.0,7.0,18.0,18.0,9.0,27.0,46.0,81.0,28.0,54.0,18.0,27.0
1005,12,1,27.8334961,24.2165527,49.0,38.0,40.0,30.0,20.0,10.0,13.0,,3,4,50.0,38.0,33.0,25.0,21.0,21.0,12.0,,50.0,38.0,12.0,,32.0,25.0,21.0,21.0,1.0,0.0,1.0,,7.0,5.0,1.0,11.0,0.013443969395243328,0.1361751096354219,0.013443969395243328,0.13929333267831034,0.9865560306047567,0.8638248903645781,0.9865560306047567,0.8607066673216897,6.0,4.0,10.0,18.0,9.0,27.0,10.0,27.0,6.0,18.0,4.0,9.0
1005,12,2,14.8916016,31.7583,54.0,36.0,34.0,33.0,22.0,11.0,10.0,,3,4,62.0,35.0,36.0,26.0,21.0,18.0,4.0,,61.0,35.0,4.0,,33.0,25.0,21.0,20.0,8.0,1.0,6.0,,2.0,7.0,1.0,7.0,0.10743117792875587,0.09687251895241843,0.10568867133690447,0.11721006891223616,0.8925688220712441,0.9031274810475816,0.8943113286630955,0.8827899310877638,11.0,7.0,18.0,18.0,9.0,27.0,28.0,54.0,17.0,36.0,11.0,18.0
1005,12,3,23.7453613,16.9914551,50.0,32.0,45.0,22.0,22.0,11.0,18.0,,3,4,71.0,26.0,36.0,27.0,20.0,16.0,3.0,,64.0,28.000000000000004,8.0,,31.0,25.0,22.0,22.0,21.0,6.0,15.0,,9.0,5.0,2.0,5.0,0.24151407689183507,0.09585030696369207,0.1463397982325842,0.15338588163285324,0.7584859231081649,0.904149693036308,0.8536602017674157,0.8466141183671467,11.0,7.0,18.0,18.0,9.0,27.0,46.0,81.0,28.0,54.0,18.0,27.0
1010,12,1,39.565918,113.593262,50.0,35.0,37.0,33.0,15.0,15.0,15.0,,3,4,50.0,38.0,33.0,25.0,21.0,21.0,12.0,,50.0,38.0,12.0,,32.0,25.0,21.0,21.0,0.0,3.0,3.0,,4.0,8.0,6.0,6.0,0.04061432567806637,0.1098392408902063,0.04061432567806637,0.11221245553698068,0.9593856743219337,0.8901607591097938,0.9593856743219337,0.8877875444630193,6.0,4.0,10.0,18.0,9.0,27.0,10.0,27.0,6.0,18.0,4.0,9.0
1010,12,2,22.3251953,65.7172852,55.0,35.0,36.0,29.0,21.0,14.0,10.0,,3,4,62.0,35.0,36.0,26.0,21.0,18.0,4.0,,62.0,33.0,5.0,,34.0,26.0,21.0,20.0,7.0,0.0,6.0,,0.0,3.0,0.0,4.0,0.1049434797956542,0.048673541433514454,0.08860824207280599,0.0677917951195638,0.8950565202043458,0.9513264585664856,0.911391757927194,0.9322082048804362,11.0,7.0,18.0,18.0,9.0,27.0,28.0,54.0,17.0,36.0,11.0,18.0
1010,12,3,41.3584,46.31543,58.0,37.0,37.0,30.0,21.0,12.0,5.0,,3,4,71.0,26.0,36.0,27.0,20.0,16.0,3.0,,65.0,27.0,8.0,,35.0,26.0,21.0,19.0,13.0,11.0,2.0,,1.0,3.0,1.0,4.0,0.11626967035037349,0.05263537502400107,0.09806076261200548,0.08325650717658933,0.8837303296496265,0.9473646249759989,0.9019392373879945,0.9167434928234106,11.0,7.0,18.0,18.0,9.0,27.0,46.0,81.0,28.0,54.0,18.0,27.0
10000,12,1,52.7697754,48.16931,45.0,35.0,36.0,29.0,17.0,18.0,20.0,,3,4,50.0,38.0,33.0,25.0,21.0,21.0,12.0,,50.0,38.0,12.0,,31.0,25.0,22.0,23.0,5.0,3.0,8.0,,3.0,4.0,4.0,3.0,0.09319297838950868,0.062408532939828516,0.09319297838950868,0.08299428508435457,0.9068070216104913,0.9375914670601715,0.9068070216104913,0.9170057149156454,6.0,4.0,10.0,18.0,9.0,27.0,10.0,27.0,6.0,18.0,4.0,9.0
10000,12,2,10.6516113,58.2686768,47.0,33.0,50.0,27.0,14.0,9.0,20.0,,3,4,62.0,35.0,36.0,26.0,21.0,18.0,4.0,,59.0,34.0,7.000000000000001,,31.0,25.0,22.0,23.0,15.0,2.0,16.0,,14.0,1.0,7.0,9.0,0.22218340624957936,0.1558995023895505,0.16883273278462688,0.21352281281524346,0.7778165937504207,0.8441004976104495,0.8311672672153732,0.7864771871847566,11.0,7.0,18.0,18.0,9.0,27.0,28.0,54.0,17.0,36.0,11.0,18.0
10000,12,3,14.9165039,47.6204834,44.0,30.0,41.0,31.0,15.0,13.0,26.0,,3,4,71.0,26.0,36.0,27.0,20.0,16.0,3.0,,56.99999999999999,27.0,16.0,,28.999999999999996,24.0,23.0,24.0,27.0,4.0,23.0,,5.0,4.0,5.0,3.0,0.3154903094082348,0.07671203397220076,0.1236610853045424,0.1696282920799416,0.6845096905917651,0.9232879660277993,0.8763389146954577,0.8303717079200584,11.0,7.0,18.0,18.0,9.0,27.0,46.0,81.0,28.0,54.0,18.0,27.0
1003,13,1,15.2593994,13.95166,30.0,30.0,55.0,45.0,,,20.0,20.0,4,2,35.0,30.0,55.00000000000001,45.0,,,20.0,15.0,35.0,30.0,20.0,15.0,53.0,47.0,,,5.0,0.0,0.0,5.0,7.105427357601002e-15,0.0,,,0.06303692779954677,0.0,0.06303692779954623,0.01704164142481431,0.9369630722004533,1.0,0.9369630722004538,0.9829583585751857,8.0,6.0,15.0,8.0,4.0,12.0,15.0,12.0,8.0,8.0,6.0,4.0
1003,13,2,16.659668,7.749756,25.0,25.0,48.0,52.0,,,25.0,25.0,4,2,23.0,27.0,50.0,50.0,,,27.0,23.0,19.0,26.0,26.0,30.0,50.0,50.0,,,2.0,2.0,2.0,2.0,2.0,2.0,,,0.03400465534436373,0.01699040185542936,0.06856714307434458,0.01699040185542936,0.9659953446556363,0.9830095981445707,0.9314328569256554,0.9830095981445707,15.0,10.0,26.0,8.0,4.0,12.0,41.0,24.0,23.0,16.0,16.0,8.0
1003,13,3,27.8238525,41.149292,22.0,22.0,40.0,60.0,,,28.0,28.0,4,2,14.000000000000002,21.0,45.0,55.00000000000001,,,32.0,33.0,15.0,20.0,30.0,35.0,48.0,52.0,,,7.999999999999998,1.0,4.0,5.0,5.0,4.999999999999993,,,0.09482641375944903,0.042962057701503034,0.09060275839063382,0.06847960278156069,0.905173586240551,0.9570379422984969,0.9093972416093662,0.9315203972184393,15.0,10.0,26.0,8.0,4.0,12.0,67.0,36.0,38.0,24.0,26.0,12.0
1005,13,1,26.5750732,31.3999023,35.0,30.0,54.0,46.0,,,20.0,15.0,4,2,35.0,30.0,55.00000000000001,45.0,,,20.0,15.0,35.0,30.0,20.0,15.0,55.00000000000001,45.0,,,0.0,0.0,0.0,0.0,1.000000000000007,1.0,,,0.0,0.008527899910057452,4.002140991903532e-09,0.008527899910057452,1.0,0.9914721000899426,0.999999995997859,0.9914721000899426,8.0,6.0,15.0,8.0,4.0,12.0,15.0,12.0,8.0,8.0,6.0,4.0
1005,13,2,33.1118164,24.8250732,15.0,20.0,47.0,53.0,,,30.0,35.0,4,2,23.0,27.0,50.0,50.0,,,27.0,23.0,23.0,27.0,27.0,23.0,45.0,55.00000000000001,,,8.0,7.0,3.0,12.0,3.0,3.0,,,0.13958455007914805,0.02549304867489489,0.13958455007914805,0.01704164142481431,0.860415449920852,0.9745069513251051,0.860415449920852,0.9829583585751857,15.0,10.0,26.0,8.0,4.0,12.0,41.0,24.0,23.0,16.0,16.0,8.0
1005,13,3,29.6165771,15.7249756,10.0,18.0,42.0,58.0,,,32.0,40.0,4,2,14.000000000000002,21.0,45.0,55.00000000000001,,,32.0,33.0,8.0,15.0,33.0,45.0,43.0,56.99999999999999,,,4.000000000000002,3.0,0.0,7.0,3.0,2.999999999999993,,,0.07532317522324865,0.025699821112529157,0.05359644653324766,0.008590489910300009,0.9246768247767514,0.9743001788874709,0.9464035534667523,0.9914095100897,15.0,10.0,26.0,8.0,4.0,12.0,67.0,36.0,38.0,24.0,26.0,12.0
1010,13,1,16.390625,23.6923828,35.0,30.0,55.0,45.0,,,20.0,15.0,4,2,35.0,30.0,55.00000000000001,45.0,,,20.0,15.0,35.0,30.0,20.0,15.0,55.00000000000001,45.0,,,0.0,0.0,0.0,0.0,7.105427357601002e-15,0.0,,,0.0,0.0,4.002140991903532e-09,0.0,1.0,1.0,0.999999995997859,1.0,8.0,6.0,15.0,8.0,4.0,12.0,15.0,12.0,8.0,8.0,6.0,4.0
1010,13,2,76.1333,12.7836914,22.0,28.0,50.0,50.0,,,28.0,22.0,4,2,23.0,27.0,50.0,50.0,,,27.0,23.0,23.0,27.0,27.0,23.0,50.0,50.0,,,1.0,1.0,1.0,1.0,0.0,0.0,,,0.017072608666153576,0.0,0.017072608666153576,0.0,0.9829273913338464,1.0,0.9829273913338464,1.0,15.0,10.0,26.0,8.0,4.0,12.0,41.0,24.0,23.0,16.0,16.0,8.0
1010,13,3,65.80713,7.666992,15.0,35.0,45.0,55.0,,,30.0,20.0,4,2,14.000000000000002,21.0,45.0,55.00000000000001,,,32.0,33.0,13.0,22.0,34.0,31.0,49.0,51.0,,,0.9999999999999982,14.0,2.0,13.0,0.0,7.105427357601002e-15,,,0.15727213976786453,0.0,0.14432978552631373,0.034038811633641086,0.8427278602321355,1.0,0.8556702144736863,0.9659611883663589,15.0,10.0,26.0,8.0,4.0,12.0,67.0,36.0,38.0,24.0,26.0,12.0
10000,13,1,36.33423,15.55127,30.0,28.0,55.0,45.0,,,22.0,20.0,4,2,35.0,30.0,55.00000000000001,45.0,,,20.0,15.0,35.0,30.0,20.0,15.0,53.0,47.0,,,5.0,2.0,2.0,5.0,7.105427357601002e-15,0.0,,,0.0675727227810964,0.0,0.06757272278109647,0.01704164142481431,0.9324272772189036,1.0,0.9324272772189035,0.9829583585751857,8.0,6.0,15.0,8.0,4.0,12.0,15.0,12.0,8.0,8.0,6.0,4.0
10000,13,2,36.2194824,14.2504883,20.0,30.0,50.0,50.0,,,21.0,29.0,4,2,23.0,27.0,50.0,50.0,,,27.0,23.0,19.0,24.0,28.000000000000004,30.0,49.0,51.0,,,3.0,3.0,6.0,6.0,0.0,0.0,,,0.08086992521863332,0.0,0.07831982044930773,0.008493713513927347,0.9191300747813667,1.0,0.9216801795506923,0.9915062864860726,15.0,10.0,26.0,8.0,4.0,12.0,41.0,24.0,23.0,16.0,16.0,8.0
10000,13,3,17.0009766,29.7185059,14.0,18.0,33.0,67.0,,,30.0,38.0,4,2,14.000000000000002,21.0,45.0,55.00000000000001,,,32.0,33.0,12.0,24.0,25.0,40.0,44.0,56.00000000000001,,,1.7763568394002505e-15,3.0,2.0,5.0,12.0,11.999999999999993,,,0.048341594812851676,0.10463811505048805,0.07375283407607872,0.09612493860941436,0.9516584051871483,0.895361884949512,0.9262471659239213,0.9038750613905856,15.0,10.0,26.0,8.0,4.0,12.0,67.0,36.0,38.0,24.0,26.0,12.0
1003,14,1,16.53955,12.8583984,20.0,20.0,40.0,60.0,,,30.0,30.0,4,2,15.0,20.0,45.0,55.00000000000001,,,30.0,35.0,15.0,20.0,30.0,35.0,47.0,53.0,,,5.0,0.0,0.0,5.0,5.0,4.999999999999993,,,0.06303692779954677,0.042962057701503034,0.06303692779954623,0.059988030512285094,0.9369630722004533,0.9570379422984969,0.9369630722004538,0.9400119694877149,8.0,6.0,15.0,8.0,4.0,12.0,15.0,12.0,8.0,8.0,6.0,4.0
1003,14,2,85.80652,25.3433838,18.0,19.0,40.0,60.0,,,30.0,33.0,4,2,8.0,15.0,41.0,60.0,,,33.0,45.0,11.0,15.0,34.0,40.0,46.0,54.0,,,10.0,4.0,3.0,12.0,1.0,0.0,,,0.15164792971949678,0.005143268544469881,0.10574936090033771,0.05148320640240413,0.8483520702805032,0.9948567314555301,0.8942506390996623,0.9485167935975959,15.0,10.0,26.0,8.0,4.0,12.0,41.0,24.0,23.0,16.0,16.0,8.0
1003,14,3,59.8630371,25.0629883,18.0,20.0,35.0,65.0,,,30.0,32.0,4,2,14.000000000000002,21.0,45.0,55.00000000000001,,,32.0,33.0,27.0,25.0,26.0,22.0,46.0,54.0,,,3.9999999999999982,1.0,2.0,1.0,10.0,9.999999999999993,,,0.046736454603262326,0.08677176829487179,0.12764493634122873,0.09527393316310047,0.9532635453967376,0.9132282317051282,0.8723550636587712,0.9047260668368995,15.0,10.0,26.0,8.0,4.0,12.0,67.0,36.0,38.0,24.0,26.0,12.0
1005,14,1,24.3249512,16.4750977,15.0,20.0,49.0,51.0,,,30.0,35.0,4,2,15.0,20.0,45.0,55.00000000000001,,,30.0,35.0,15.0,20.0,30.0,35.0,45.0,55.00000000000001,,,0.0,0.0,0.0,0.0,4.0,4.000000000000007,,,0.0,0.034038811633641086,4.002140991903532e-09,0.034038811633641086,1.0,0.9659611883663589,0.999999995997859,0.9659611883663589,8.0,6.0,15.0,8.0,4.0,12.0,15.0,12.0,8.0,8.0,6.0,4.0
1005,14,2,27.4082031,7.425049,13.0,18.0,39.0,61.0,,,32.0,37.0,4,2,8.0,15.0,41.0,60.0,,,33.0,45.0,8.0,15.0,33.0,45.0,44.0,56.00000000000001,,,5.0,3.0,1.0,8.0,2.0,1.0,,,0.0901954579455169,0.013830050119810226,0.0901954579455169,0.043103711509426774,0.9098045420544831,0.9861699498801898,0.9098045420544831,0.9568962884905732,15.0,10.0,26.0,8.0,4.0,12.0,41.0,24.0,23.0,16.0,16.0,8.0
1005,14,3,28.7788086,22.4211426,12.0,25.0,45.0,55.0,,,33.0,30.0,4,2,14.000000000000002,21.0,45.0,55.00000000000001,,,32.0,33.0,21.0,25.0,28.999999999999996,25.0,46.0,54.0,,,2.0000000000000018,4.0,1.0,3.0,0.0,7.105427357601002e-15,,,0.048810532083794836,0.0,0.10742047920412032,0.008527899910057452,0.9511894679162052,1.0,0.8925795207958797,0.9914721000899426,15.0,10.0,26.0,8.0,4.0,12.0,67.0,36.0,38.0,24.0,26.0,12.0
1010,14,1,29.0761719,25.3168945,15.0,20.0,55.0,45.0,,,30.0,35.0,4,2,15.0,20.0,45.0,55.00000000000001,,,30.0,35.0,15.0,20.0,30.0,35.0,45.0,55.00000000000001,,,0.0,0.0,0.0,0.0,10.0,10.000000000000007,,,0.0,0.0850032117757428,4.002140991903532e-09,0.0850032117757428,1.0,0.9149967882242572,0.999999995997859,0.9149967882242572,8.0,6.0,15.0,8.0,4.0,12.0,15.0,12.0,8.0,8.0,6.0,4.0
1010,14,2,53.284668,16.2910156,10.0,15.0,42.0,58.0,,,35.0,40.0,4,2,8.0,15.0,41.0,60.0,,,33.0,45.0,8.0,15.0,33.0,45.0,42.0,57.99999999999999,,,2.0,0.0,2.0,5.0,1.0,2.0,,,0.045260604279639294,0.012126294189820355,0.045260604279639294,0.0,0.9547393957203607,0.9878737058101796,0.9547393957203607,1.0,15.0,10.0,26.0,8.0,4.0,12.0,41.0,24.0,23.0,16.0,16.0,8.0
1010,14,3,54.1157227,13.2504883,15.0,20.0,55.0,45.0,,,31.0,34.0,4,2,14.000000000000002,21.0,45.0,55.00000000000001,,,32.0,33.0,17.0,21.0,33.0,28.999999999999996,45.0,55.00000000000001,,,0.9999999999999982,1.0,1.0,1.0,10.0,10.000000000000007,,,0.017984964993370604,0.0850032117757428,0.046875615392324044,0.0850032117757428,0.9820150350066293,0.9149967882242572,0.953124384607676,0.9149967882242572,15.0,10.0,26.0,8.0,4.0,12.0,67.0,36.0,38.0,24.0,26.0,12.0
10000,14,1,27.93518,10.86731,10.0,18.0,34.0,66.0,,,29.0,43.0,4,2,15.0,20.0,45.0,55.00000000000001,,,30.0,35.0,15.0,20.0,30.0,35.0,42.0,57.99999999999999,,,5.0,2.0,1.0,8.0,11.0,10.999999999999993,,,0.08388519953189187,0.09567630957149381,0.08388519953189226,0.07004086109520503,0.9161148004681081,0.9043236904285061,0.9161148004681078,0.929959138904795,8.0,6.0,15.0,8.0,4.0,12.0,15.0,12.0,8.0,8.0,6.0,4.0
10000,14,2,52.2526855,8.583252,5.0,15.0,30.0,70.0,,,34.0,46.0,4,2,8.0,15.0,41.0,60.0,,,33.0,45.0,5.0,12.0,30.0,52.0,40.0,60.0,,,3.0,0.0,1.0,1.0,11.0,10.0,,,0.05082518523725745,0.0942737188112817,0.05858306733290413,0.08914767822445263,0.9491748147627426,0.9057262811887183,0.9414169326670959,0.9108523217755473,15.0,10.0,26.0,8.0,4.0,12.0,41.0,24.0,23.0,16.0,16.0,8.0
10000,14,3,30.6184082,8.016357,15.0,20.0,43.0,57.0,,,30.0,35.0,4,2,14.000000000000002,21.0,45.0,55.00000000000001,,,32.0,33.0,9.0,23.0,34.0,35.0,45.0,55.00000000000001,,,0.9999999999999982,1.0,2.0,2.0,2.0,1.999999999999993,,,0.025637816028615083,0.017110687849744854,0.08408510337754005,0.017110687849744854,0.974362183971385,0.9828893121502551,0.91591489662246,0.9828893121502551,15.0,10.0,26.0,8.0,4.0,12.0,67.0,36.0,38.0,24.0,26.0,12.0
1003,15,1,24.862915,27.83789,23.0,30.0,30.0,38.0,32.0,,20.0,27.0,4,3,14.000000000000002,50.0,25.0,50.0,25.0,,7.000000000000001,28.999999999999996,14.000000000000002,50.0,7.000000000000001,28.999999999999996,31.0,38.0,30.0,,8.999999999999998,20.0,13.0,1.9999999999999964,5.0,12.0,7.0,,0.22360700695051625,0.10329774598836997,0.22360700695051625,0.016586882024437272,0.7763929930494837,0.8967022540116301,0.7763929930494837,0.9834131179755627,8.0,6.0,15.0,16.0,8.0,24.0,15.0,24.0,8.0,16.0,6.0,8.0
1003,15,2,47.5644531,16.45996,25.0,20.0,35.0,35.0,30.0,,20.0,35.0,4,3,40.0,20.0,41.0,36.0,22.0,,6.0,34.0,52.0,10.0,13.0,26.0,34.0,35.0,31.0,,15.0,0.0,14.0,1.0,6.0,1.0,8.0,,0.20330985713081612,0.07894133589189627,0.23885104162970175,0.010554756464347382,0.7966901428691839,0.9210586641081038,0.7611489583702983,0.9894452435356527,15.0,10.0,26.0,16.0,8.0,24.0,41.0,48.0,23.0,32.0,16.0,16.0
1003,15,3,23.0787354,14.7758789,15.0,15.0,30.0,40.0,30.0,,15.0,55.0,4,3,18.0,18.0,32.0,36.0,32.0,,18.0,46.0,8.0,13.0,45.0,34.0,32.0,37.0,32.0,,3.0,3.0,3.0,9.0,2.0,4.0,2.0,,0.07649455955585781,0.035001862396436226,0.2880636164111669,0.02940865208785034,0.9235054404441422,0.9649981376035638,0.711936383588833,0.9705913479121496,15.0,10.0,26.0,16.0,8.0,24.0,67.0,72.0,38.0,48.0,26.0,24.0
1005,15,1,73.5,60.7080078,14.0,50.0,30.0,40.0,30.0,,28.0,8.0,4,3,14.000000000000002,50.0,25.0,50.0,25.0,,7.000000000000001,28.999999999999996,14.000000000000002,50.0,7.000000000000001,28.999999999999996,23.0,44.0,33.0,,1.7763568394002505e-15,0.0,21.0,20.999999999999996,5.0,10.0,5.0,,0.30711716827109137,0.0854351026245885,0.30711716827109137,0.06743140568113544,0.6928828317289086,0.9145648973754115,0.6928828317289086,0.9325685943188645,8.0,6.0,15.0,16.0,8.0,24.0,15.0,24.0,8.0,16.0,6.0,8.0
1005,15,2,59.80835,35.291748,15.0,25.0,33.0,45.0,22.0,,20.0,40.0,4,3,40.0,20.0,41.0,36.0,22.0,,6.0,34.0,43.0,22.0,25.0,11.0,28.999999999999996,39.0,32.0,,25.0,5.0,14.0,6.0,8.0,9.0,0.0,,0.2738201176403548,0.0821912455452598,0.34075738912179293,0.09589750788687647,0.7261798823596453,0.9178087544547402,0.659242610878207,0.9041024921131235,15.0,10.0,26.0,16.0,8.0,24.0,41.0,48.0,23.0,32.0,16.0,16.0
1005,15,3,34.9084473,23.375,12.0,24.0,33.0,45.0,22.0,,24.0,40.0,4,3,18.0,18.0,32.0,36.0,32.0,,18.0,46.0,5.0,15.0,43.0,37.0,28.000000000000004,38.0,35.0,,6.0,6.0,6.0,6.0,1.0,9.0,10.0,,0.1098754660790904,0.10191927536723987,0.19594563017235428,0.1196415078248053,0.8901245339209096,0.8980807246327601,0.8040543698276457,0.8803584921751947,15.0,10.0,26.0,16.0,8.0,24.0,67.0,72.0,38.0,48.0,26.0,24.0
1010,15,1,159.7583,65.99902,10.0,55.0,14.0,62.0,24.0,,5.0,30.0,4,3,14.000000000000002,50.0,25.0,50.0,25.0,,7.000000000000001,28.999999999999996,14.000000000000002,50.0,7.000000000000001,28.999999999999996,23.0,53.0,25.0,,4.000000000000002,5.0,2.000000000000001,1.0000000000000036,11.0,12.0,1.0,,0.06740793546811252,0.12674066000791476,0.06740793546811252,0.10258926235769382,0.9325920645318875,0.8732593399920853,0.9325920645318875,0.8974107376423062,8.0,6.0,15.0,16.0,8.0,24.0,15.0,24.0,8.0,16.0,6.0,8.0
1010,15,2,82.05762,29.1176758,15.0,8.0,28.0,42.0,30.0,,25.0,52.0,4,3,40.0,20.0,41.0,36.0,22.0,,6.0,34.0,31.0,24.0,4.0,40.0,32.0,32.0,36.0,,25.0,12.0,19.0,18.0,13.0,6.0,8.0,,0.34714730111344777,0.12274241957284668,0.3435778175570519,0.08843898528896406,0.6528526988865522,0.8772575804271533,0.6564221824429481,0.9115610147110359,15.0,10.0,26.0,16.0,8.0,24.0,41.0,48.0,23.0,32.0,16.0,16.0
1010,15,3,96.54053,15.6918945,13.0,13.0,30.0,40.0,30.0,,13.0,61.0,4,3,18.0,18.0,32.0,36.0,32.0,,18.0,46.0,4.0,4.0,48.0,43.0,31.0,37.0,31.0,,5.0,5.0,5.0,15.0,2.0,4.0,2.0,,0.127959021652324,0.035001862396436226,0.35368452510049025,0.02290097059527829,0.872040978347676,0.9649981376035638,0.6463154748995097,0.9770990294047217,15.0,10.0,26.0,16.0,8.0,24.0,67.0,72.0,38.0,48.0,26.0,24.0
10000,15,1,110.089111,23.0344238,20.0,40.0,38.0,40.0,22.0,,15.0,25.0,4,3,14.000000000000002,50.0,25.0,50.0,25.0,,7.000000000000001,28.999999999999996,14.000000000000002,50.0,7.000000000000001,28.999999999999996,28.000000000000004,43.0,28.000000000000004,,5.999999999999998,10.0,7.999999999999999,3.9999999999999964,13.0,10.0,3.0,,0.14021813512083672,0.12021634695059853,0.14021813512083672,0.09222475809502297,0.8597818648791633,0.8797836530494014,0.8597818648791633,0.907775241904977,8.0,6.0,15.0,16.0,8.0,24.0,15.0,24.0,8.0,16.0,6.0,8.0
10000,15,2,39.8688965,15.8000488,29.0,18.0,39.0,33.0,28.0,,14.0,39.0,4,3,40.0,20.0,41.0,36.0,22.0,,6.0,34.0,49.0,14.000000000000002,11.0,26.0,37.0,35.0,28.000000000000004,,11.0,2.0,8.0,5.0,2.0,3.0,6.0,,0.14085034441983404,0.05703235236673066,0.17679084271749831,0.020050981156299597,0.859149655580166,0.9429676476332693,0.8232091572825017,0.9799490188437004,15.0,10.0,26.0,16.0,8.0,24.0,41.0,48.0,23.0,32.0,16.0,16.0
10000,15,3,8.500488,12.0014648,25.0,25.0,31.0,33.0,36.0,,25.0,25.0,4,3,18.0,18.0,32.0,36.0,32.0,,18.0,46.0,10.0,13.0,35.0,42.0,33.0,35.0,33.0,,7.0,7.0,7.0,21.0,1.0,3.0,4.0,,0.1874195853236379,0.0371076650745576,0.24418528836572165,0.029763340431069412,0.8125804146763621,0.9628923349254424,0.7558147116342784,0.9702366595689306,15.0,10.0,26.0,16.0,8.0,24.0,67.0,72.0,38.0,48.0,26.0,24.0
1003,16,1,45.28418,38.0279541,30.0,20.0,40.0,30.0,30.0,,23.0,27.0,4,3,54.0,8.0,49.0,27.0,24.0,,15.0,23.0,54.0,8.0,15.0,23.0,36.0,33.0,31.0,,24.0,12.0,8.0,4.0,9.0,3.0,6.0,,0.22697709161248913,0.07916669720107133,0.22697709161248913,0.03652720569709938,0.7730229083875109,0.9208333027989286,0.7730229083875109,0.9634727943029007,8.0,6.0,15.0,16.0,8.0,24.0,15.0,24.0,8.0,16.0,6.0,8.0
1003,16,2,25.6766357,98.1311,23.0,20.0,43.0,14.0,43.0,,30.0,27.0,4,3,22.0,6.0,33.0,24.0,43.0,,44.0,28.000000000000004,10.0,13.0,52.0,26.0,32.0,32.0,35.0,,1.0,14.0,14.0,1.0000000000000036,10.0,10.0,0.0,,0.1960639137988797,0.11984829545230573,0.2138818767717013,0.18719419429723644,0.8039360862011203,0.8801517045476943,0.7861181232282987,0.8128058057027636,15.0,10.0,26.0,16.0,8.0,24.0,41.0,48.0,23.0,32.0,16.0,16.0
1003,16,3,63.571167,40.5222168,15.0,10.0,25.0,15.0,60.0,,55.0,20.0,4,3,5.0,3.0,24.0,18.0,56.99999999999999,,72.0,20.0,6.0,11.0,59.0,23.0,28.999999999999996,24.0,48.0,,10.0,7.0,17.0,0.0,1.0,3.0,3.000000000000007,,0.2035843652353729,0.03639314421178513,0.12600680379517792,0.11560632210308452,0.7964156347646271,0.9636068557882149,0.8739931962048221,0.8843936778969155,15.0,10.0,26.0,16.0,8.0,24.0,67.0,72.0,38.0,48.0,26.0,24.0
1005,16,1,97.22485,12.8833008,58.0,7.0,67.0,22.0,11.0,,14.0,21.0,4,3,54.0,8.0,49.0,27.0,24.0,,15.0,23.0,54.0,8.0,15.0,23.0,50.0,26.0,23.0,,4.0,1.0,1.0,2.0,18.0,5.0,13.0,,0.03476174016854454,0.1726206929013838,0.03476174016854454,0.16080324850834046,0.9652382598314555,0.8273793070986162,0.9652382598314555,0.8391967514916595,8.0,6.0,15.0,16.0,8.0,24.0,15.0,24.0,8.0,16.0,6.0,8.0
1005,16,2,25.416748,16.1750488,17.0,17.0,33.0,45.0,22.0,,17.0,49.0,4,3,22.0,6.0,33.0,24.0,43.0,,44.0,28.000000000000004,25.0,6.0,42.0,27.0,32.0,37.0,32.0,,5.0,11.0,27.0,20.999999999999996,0.0,21.0,21.0,,0.29605264876058396,0.219855339368989,0.29672524032468817,0.09761591766810436,0.7039473512394161,0.780144660631011,0.7032747596753118,0.9023840823318956,15.0,10.0,26.0,16.0,8.0,24.0,41.0,48.0,23.0,32.0,16.0,16.0
1005,16,3,23.2333984,21.4250488,12.0,12.0,23.0,30.0,47.0,,12.0,64.0,4,3,5.0,3.0,24.0,18.0,56.99999999999999,,72.0,20.0,5.0,11.0,38.0,46.0,31.0,38.0,31.0,,7.0,9.0,60.0,44.0,1.0,12.0,9.999999999999993,,0.5389656099508592,0.12060108776136014,0.2697773390026642,0.14005292299971045,0.4610343900491408,0.8793989122386399,0.7302226609973358,0.8599470770002895,15.0,10.0,26.0,16.0,8.0,24.0,67.0,72.0,38.0,48.0,26.0,24.0
1010,16,1,110.5332,22.8916016,40.0,11.0,40.0,30.0,30.0,,22.0,27.0,4,3,54.0,8.0,49.0,27.0,24.0,,15.0,23.0,54.0,8.0,15.0,23.0,42.0,28.999999999999996,30.0,,14.0,3.0,7.0,4.0,9.0,3.0,6.0,,0.12338922114739057,0.07916669720107133,0.12338922114739057,0.014766883418294078,0.8766107788526094,0.9208333027989286,0.8766107788526094,0.9852331165817059,8.0,6.0,15.0,16.0,8.0,24.0,15.0,24.0,8.0,16.0,6.0,8.0
1010,16,2,59.449707,43.09961,36.0,8.0,33.0,33.0,34.0,,29.0,27.0,4,3,22.0,6.0,33.0,24.0,43.0,,44.0,28.000000000000004,13.0,7.000000000000001,52.0,27.0,40.0,27.0,34.0,,14.0,2.0,15.0,1.0000000000000036,0.0,9.0,9.0,,0.15686088506595233,0.09460265773065706,0.25487698319123603,0.06746608189831056,0.8431391149340477,0.905397342269343,0.7451230168087639,0.9325339181016894,15.0,10.0,26.0,16.0,8.0,24.0,41.0,48.0,23.0,32.0,16.0,16.0
1010,16,3,167.759277,12.6157227,10.0,10.0,30.0,40.0,30.0,,25.0,55.0,4,3,5.0,3.0,24.0,18.0,56.99999999999999,,72.0,20.0,11.0,5.0,60.0,24.0,30.0,34.0,37.0,,5.0,7.0,47.0,35.0,6.0,22.0,26.999999999999993,,0.40917855585832724,0.25359098818348563,0.32393472667390927,0.06602741776020174,0.5908214441416728,0.7464090118165143,0.6760652733260908,0.9339725822397983,15.0,10.0,26.0,16.0,8.0,24.0,67.0,72.0,38.0,48.0,26.0,24.0
10000,16,1,255.998535,23.201416,33.0,19.0,39.0,33.0,28.0,,21.0,27.0,4,3,54.0,8.0,49.0,27.0,24.0,,15.0,23.0,54.0,8.0,15.0,23.0,37.0,33.0,30.0,,21.0,11.0,6.0,4.0,10.0,6.0,4.0,,0.19971617277249473,0.0859415996333001,0.19971617277249473,0.02094373541845084,0.8002838272275052,0.9140584003666999,0.8002838272275052,0.9790562645815492,8.0,6.0,15.0,16.0,8.0,24.0,15.0,24.0,8.0,16.0,6.0,8.0
10000,16,2,21.8669434,15.1186523,23.0,7.0,39.0,33.0,28.0,,40.0,30.0,4,3,22.0,6.0,33.0,24.0,43.0,,44.0,28.000000000000004,11.0,13.0,49.0,27.0,34.0,26.0,41.0,,1.0,1.0,4.0,1.9999999999999964,6.0,9.0,15.0,,0.035971089640252314,0.13589967447215048,0.1614335080568689,0.11421230388965917,0.9640289103597477,0.8641003255278495,0.838566491943131,0.8857876961103408,15.0,10.0,26.0,16.0,8.0,24.0,41.0,48.0,23.0,32.0,16.0,16.0
10000,16,3,26.05249,26.1682129,10.0,15.0,40.0,10.0,50.0,,43.0,32.0,4,3,5.0,3.0,24.0,18.0,56.99999999999999,,72.0,20.0,6.0,3.0,69.0,22.0,27.0,30.0,44.0,,5.0,12.0,29.0,12.0,16.0,8.0,6.999999999999993,,0.2727039067501262,0.1571663712462133,0.25264642839505613,0.219210764485886,0.7272960932498738,0.8428336287537868,0.7473535716049439,0.7807892355141139,15.0,10.0,26.0,16.0,8.0,24.0,67.0,72.0,38.0,48.0,26.0,24.0
1003,17,1,26.9562988,51.2197266,18.0,20.0,20.0,20.0,30.0,30.0,30.0,32.0,4,4,10.0,20.0,20.0,22.0,28.000000000000004,30.0,30.0,40.0,10.0,20.0,30.0,40.0,22.0,23.0,27.0,28.000000000000004,8.0,0.0,0.0,8.0,0.0,2.0,1.9999999999999964,0.0,0.10757594640230546,0.024339650729737938,0.10757594640230546,0.04379131042092604,0.8924240535976945,0.975660349270262,0.8924240535976945,0.956208689579074,8.0,6.0,15.0,24.0,12.0,36.0,15.0,36.0,8.0,24.0,6.0,12.0
1003,17,2,55.5551758,41.44165,15.0,35.0,20.0,30.0,20.0,30.0,15.0,35.0,4,4,14.000000000000002,36.0,23.0,27.0,23.0,27.0,14.000000000000002,36.0,24.0,35.0,13.0,28.000000000000004,23.0,27.0,23.0,27.0,0.9999999999999982,1.0,0.9999999999999982,1.0,3.0,3.0,3.0,3.0,0.01871874579112713,0.05148320640240412,0.10433403323817428,0.05148320640240412,0.9812812542088729,0.9485167935975959,0.8956659667618257,0.9485167935975959,15.0,10.0,26.0,24.0,12.0,36.0,41.0,72.0,23.0,48.0,16.0,24.0
1003,17,3,45.7243652,56.32837,10.0,35.0,13.0,30.0,20.0,37.0,10.0,45.0,4,4,5.0,27.0,18.0,24.0,26.0,32.0,15.0,53.0,6.0,26.0,17.0,52.0,21.0,27.0,23.0,28.999999999999996,5.0,8.0,5.0,8.0,5.0,6.0,6.0,5.0,0.12589883316996378,0.09731148724352168,0.1295956517230665,0.10809507794383362,0.8741011668300362,0.9026885127564783,0.8704043482769335,0.8919049220561663,15.0,10.0,26.0,24.0,12.0,36.0,67.0,108.0,38.0,72.0,26.0,36.0
1005,17,1,14.5415039,30.29187,10.0,20.0,10.0,20.0,30.0,40.0,30.0,40.0,4,4,10.0,20.0,20.0,22.0,28.000000000000004,30.0,30.0,40.0,10.0,20.0,30.0,40.0,20.0,22.0,28.000000000000004,30.0,0.0,0.0,0.0,0.0,10.0,2.0,1.9999999999999964,10.0,0.0,0.13423187355276034,0.0,0.13423187355276034,1.0,0.8657681264472397,1.0,0.8657681264472397,8.0,6.0,15.0,24.0,12.0,36.0,15.0,36.0,8.0,24.0,6.0,12.0
1005,17,2,21.7332764,79.74158,30.0,39.0,16.0,18.0,28.0,38.0,10.0,21.0,4,4,14.000000000000002,36.0,23.0,27.0,23.0,27.0,14.000000000000002,36.0,14.000000000000002,36.0,14.000000000000002,36.0,28.000000000000004,30.0,20.0,22.0,15.999999999999998,3.0,4.000000000000002,15.0,7.0,9.0,5.0,11.0,0.19679513866760118,0.1400345009635451,0.19679513866760118,0.2080831507148508,0.8032048613323988,0.8599654990364549,0.8032048613323988,0.7919168492851492,15.0,10.0,26.0,24.0,12.0,36.0,41.0,72.0,23.0,48.0,16.0,24.0
1005,17,3,46.94165,17.916748,8.0,23.0,10.0,20.0,30.0,40.0,27.0,42.0,4,4,5.0,27.0,18.0,24.0,26.0,32.0,15.0,53.0,14.000000000000002,35.0,14.000000000000002,38.0,20.0,23.0,27.0,30.0,3.0,4.0,12.0,11.0,8.0,4.0,4.0,8.0,0.14428833962836835,0.117971658642709,0.1751330984411939,0.13693442792291088,0.8557116603716317,0.882028341357291,0.8248669015588062,0.8630655720770891,15.0,10.0,26.0,24.0,12.0,36.0,67.0,108.0,38.0,72.0,26.0,36.0
1010,17,1,81.84119,98.83325,10.0,20.0,12.0,23.0,28.0,37.0,30.0,40.0,4,4,10.0,20.0,20.0,22.0,28.000000000000004,30.0,30.0,40.0,10.0,20.0,30.0,40.0,20.0,22.0,28.000000000000004,30.0,0.0,0.0,0.0,0.0,8.0,1.0,3.552713678800501e-15,7.0,0.0,0.10006647307548977,0.0,0.10006647307548977,1.0,0.8999335269245102,1.0,0.8999335269245102,8.0,6.0,15.0,24.0,12.0,36.0,15.0,36.0,8.0,24.0,6.0,12.0
1010,17,2,62.3830566,89.63379,14.0,28.0,15.0,25.0,25.0,35.0,22.0,36.0,4,4,14.000000000000002,36.0,23.0,27.0,23.0,27.0,14.000000000000002,36.0,14.000000000000002,36.0,14.000000000000002,36.0,22.0,25.0,25.0,28.000000000000004,1.7763568394002505e-15,8.0,7.999999999999998,0.0,8.0,2.0,2.0,8.0,0.10040922110144868,0.10213635441391417,0.10040922110144868,0.08727222485044062,0.8995907788985513,0.8978636455860858,0.8995907788985513,0.9127277751495594,15.0,10.0,26.0,24.0,12.0,36.0,41.0,72.0,23.0,48.0,16.0,24.0
1010,17,3,53.3742676,56.3833,10.0,25.0,12.0,22.0,28.0,38.0,25.0,40.0,4,4,5.0,27.0,18.0,24.0,26.0,32.0,15.0,53.0,5.0,20.0,24.0,51.0,21.0,24.0,27.0,30.0,5.0,2.0,10.0,13.0,6.0,2.0,2.0,6.0,0.14864122553864675,0.08243505056188938,0.11409132689325545,0.1120611030217278,0.8513587744613532,0.9175649494381106,0.8859086731067446,0.8879388969782722,15.0,10.0,26.0,24.0,12.0,36.0,67.0,108.0,38.0,72.0,26.0,36.0
10000,17,1,40.9677734,14.6855469,20.0,20.0,20.0,20.0,20.0,40.0,20.0,40.0,4,4,10.0,20.0,20.0,22.0,28.000000000000004,30.0,30.0,40.0,10.0,20.0,30.0,40.0,22.0,24.0,26.0,28.000000000000004,10.0,0.0,10.0,0.0,0.0,2.0,8.000000000000004,10.0,0.13970675101139313,0.1017117473403865,0.13970675101139313,0.11029799284101104,0.8602932489886068,0.8982882526596135,0.8602932489886068,0.889702007158989,8.0,6.0,15.0,24.0,12.0,36.0,15.0,36.0,8.0,24.0,6.0,12.0
10000,17,2,14.3007813,14.4003906,20.0,20.0,20.0,20.0,20.0,40.0,20.0,40.0,4,4,14.000000000000002,36.0,23.0,27.0,23.0,27.0,14.000000000000002,36.0,25.0,33.0,8.0,33.0,22.0,24.0,26.0,28.000000000000004,5.999999999999998,16.0,5.999999999999998,4.0,3.0,7.0,3.0,13.0,0.15861127873253889,0.12016996068664554,0.1881030100506701,0.11029799284101104,0.8413887212674611,0.8798300393133545,0.8118969899493299,0.889702007158989,15.0,10.0,26.0,24.0,12.0,36.0,41.0,72.0,23.0,48.0,16.0,24.0
10000,17,3,19.7348633,15.91748,20.0,20.0,20.0,20.0,20.0,40.0,20.0,40.0,4,4,5.0,27.0,18.0,24.0,26.0,32.0,15.0,53.0,7.000000000000001,14.000000000000002,21.0,56.99999999999999,22.0,24.0,26.0,28.000000000000004,15.0,7.0,5.0,13.0,2.0,4.0,6.0,8.0,0.21838955730787857,0.08795752924871157,0.1961140107505151,0.11029799284101104,0.7816104426921214,0.9120424707512884,0.803885989249485,0.889702007158989,15.0,10.0,26.0,24.0,12.0,36.0,67.0,108.0,38.0,72.0,26.0,36.0
1003,18,1,33.0386047,119.78067,20.0,20.0,20.0,23.0,27.0,30.0,20.0,40.0,4,4,10.0,20.0,20.0,22.0,28.000000000000004,30.0,30.0,40.0,10.0,20.0,30.0,40.0,22.0,24.0,26.0,28.000000000000004,10.0,0.0,10.0,0.0,0.0,1.0,1.0000000000000036,0.0,0.13970675101139313,0.012072157360381412,0.13970675101139313,0.02715178037732564,0.8602932489886068,0.9879278426396186,0.8602932489886068,0.9728482196226743,8.0,6.0,15.0,24.0,12.0,36.0,15.0,36.0,8.0,24.0,6.0,12.0
1003,18,2,46.57788,281.428528,18.0,18.0,15.0,15.0,35.0,35.0,24.0,40.0,4,4,7.000000000000001,7.000000000000001,18.0,18.0,32.0,32.0,43.0,43.0,15.0,8.0,31.0,46.0,21.0,23.0,27.0,28.999999999999996,11.0,11.0,19.0,3.0,3.0,3.0,3.0,3.0,0.2371308038479041,0.05421557466849592,0.14125909954291296,0.12453542733728347,0.7628691961520959,0.9457844253315041,0.8587409004570871,0.8754645726627165,15.0,10.0,26.0,24.0,12.0,36.0,41.0,72.0,23.0,48.0,16.0,24.0
1003,18,3,31.4777832,78.27136,10.0,10.0,15.0,15.0,35.0,35.0,40.0,40.0,4,4,4.0,2.0,17.0,15.0,34.0,33.0,53.0,40.0,13.0,7.000000000000001,36.0,44.0,19.0,19.0,31.0,31.0,6.0,8.0,13.0,0.0,2.0,0.0,1.0,2.0,0.19327520403128964,0.02647538233676148,0.06915033352206401,0.07177913516150818,0.8067247959687104,0.9735246176632385,0.930849666477936,0.9282208648384919,15.0,10.0,26.0,24.0,12.0,36.0,67.0,108.0,38.0,72.0,26.0,36.0
1005,18,1,19.0999756,78.45825,10.0,20.0,10.0,20.0,30.0,40.0,30.0,40.0,4,4,10.0,20.0,20.0,22.0,28.000000000000004,30.0,30.0,40.0,10.0,20.0,30.0,40.0,20.0,22.0,28.000000000000004,30.0,0.0,0.0,0.0,0.0,10.0,2.0,1.9999999999999964,10.0,0.0,0.13423187355276034,0.0,0.13423187355276034,1.0,0.8657681264472397,1.0,0.8657681264472397,8.0,6.0,15.0,24.0,12.0,36.0,15.0,36.0,8.0,24.0,6.0,12.0
1005,18,2,56.7666,53.5916748,19.0,9.0,10.0,10.0,40.0,40.0,40.0,32.0,4,4,7.000000000000001,7.000000000000001,18.0,18.0,32.0,32.0,43.0,43.0,7.000000000000001,7.000000000000001,43.0,43.0,22.0,20.0,30.0,28.999999999999996,12.0,1.9999999999999991,3.0,11.0,8.0,8.0,8.0,8.0,0.16699853467075843,0.15213536238726152,0.16699853467075843,0.2005171809160352,0.8330014653292416,0.8478646376127384,0.8330014653292416,0.7994828190839648,15.0,10.0,26.0,24.0,12.0,36.0,41.0,72.0,23.0,48.0,16.0,24.0
1005,18,3,23.9748535,57.2666,13.0,7.0,8.0,8.0,44.0,40.0,44.0,36.0,4,4,4.0,2.0,17.0,15.0,34.0,33.0,53.0,40.0,13.0,3.0,53.0,32.0,20.0,18.0,32.0,30.0,9.0,5.0,9.0,4.0,9.0,7.0,10.0,7.0,0.18070018817431746,0.1640959682307785,0.09864329362808967,0.21314750890355896,0.8192998118256826,0.8359040317692215,0.9013567063719103,0.7868524910964411,15.0,10.0,26.0,24.0,12.0,36.0,67.0,108.0,38.0,72.0,26.0,36.0
1010,18,1,25.7092285,103.782471,10.0,20.0,20.0,25.0,25.0,30.0,30.0,40.0,4,4,10.0,20.0,20.0,22.0,28.000000000000004,30.0,30.0,40.0,10.0,20.0,30.0,40.0,20.0,22.0,28.000000000000004,30.0,0.0,0.0,0.0,0.0,0.0,3.0,3.0000000000000036,0.0,0.0,0.03610974907633482,0.0,0.03610974907633482,1.0,0.9638902509236652,1.0,0.9638902509236652,8.0,6.0,15.0,24.0,12.0,36.0,15.0,36.0,8.0,24.0,6.0,12.0
1010,18,2,78.39087,130.132813,8.0,13.0,16.0,16.0,30.0,38.0,35.0,44.0,4,4,7.000000000000001,7.000000000000001,18.0,18.0,32.0,32.0,43.0,43.0,7.000000000000001,7.000000000000001,43.0,43.0,19.0,20.0,30.0,32.0,0.9999999999999991,5.999999999999999,8.0,1.0,2.0,2.0,2.0,6.0,0.0991960916610684,0.05421290417779088,0.0991960916610684,0.06597366420456927,0.9008039083389316,0.9457870958222091,0.9008039083389316,0.9340263357954307,15.0,10.0,26.0,24.0,12.0,36.0,41.0,72.0,23.0,48.0,16.0,24.0
1010,18,3,34.8510742,74.05029,12.0,8.0,15.0,15.0,35.0,35.0,40.0,40.0,4,4,4.0,2.0,17.0,15.0,34.0,33.0,53.0,40.0,5.0,4.0,47.0,44.0,19.0,19.0,31.0,31.0,8.0,6.0,13.0,0.0,2.0,0.0,1.0,2.0,0.18911402327329804,0.02647538233676148,0.13540567493286307,0.07177913516150818,0.8108859767267019,0.9735246176632385,0.864594325067137,0.9282208648384919,15.0,10.0,26.0,24.0,12.0,36.0,67.0,108.0,38.0,72.0,26.0,36.0
10000,18,1,18.20105,51.8530273,10.0,20.0,20.0,23.0,27.0,30.0,30.0,40.0,4,4,10.0,20.0,20.0,22.0,28.000000000000004,30.0,30.0,40.0,10.0,20.0,30.0,40.0,20.0,22.0,28.000000000000004,30.0,0.0,0.0,0.0,0.0,0.0,1.0,1.0000000000000036,0.0,0.0,0.012072157360381412,0.0,0.012072157360381412,1.0,0.9879278426396186,1.0,0.9879278426396186,8.0,6.0,15.0,24.0,12.0,36.0,15.0,36.0,8.0,24.0,6.0,12.0
10000,18,2,16.7843018,45.7351074,20.0,20.0,15.0,15.0,30.0,40.0,30.0,30.0,4,4,7.000000000000001,7.000000000000001,18.0,18.0,32.0,32.0,43.0,43.0,7.000000000000001,7.000000000000001,43.0,43.0,23.0,23.0,27.0,27.0,13.0,13.0,13.0,13.0,3.0,3.0,2.0,8.0,0.252725014906347,0.07358927769852688,0.252725014906347,0.14820824939391805,0.747274985093653,0.9264107223014731,0.747274985093653,0.8517917506060819,15.0,10.0,26.0,24.0,12.0,36.0,41.0,72.0,23.0,48.0,16.0,24.0
10000,18,3,19.85205,27.5018311,20.0,10.0,20.0,10.0,40.0,30.0,40.0,30.0,4,4,4.0,2.0,17.0,15.0,34.0,33.0,53.0,40.0,15.0,7.000000000000001,44.0,33.0,22.0,20.0,30.0,28.000000000000004,16.0,8.0,13.0,10.0,3.0,5.0,6.0,3.0,0.27417589782259955,0.08244031805118493,0.07562292331885521,0.1342318735527603,0.7258241021774005,0.9175596819488151,0.9243770766811448,0.8657681264472397,15.0,10.0,26.0,24.0,12.0,36.0,67.0,108.0,38.0,72.0,26.0,36.0
