[
  {
    "participantID": "71",
    "instanceName": "BU1",
    "seqBall": 1,
    "urnPosteriors": [
      30.0,
      70.0
    ],
    "colourPosteriors": [
      45.0,
      55.0
    ],
    "responseTimeUrn": 14.6494141,
    "responseTimeColour": 8.98291
  },
  {
    "participantID": "71",
    "instanceName": "BU1",
    "seqBall": 2,
    "urnPosteriors": [
      50.0,
      50.0
    ],
    "colourPosteriors": [
      50.0,
      50.0
    ],
    "responseTimeUrn": 12.23291,
    "responseTimeColour": 6.949707
  },
  {
    "participantID": "71",
    "instanceName": "BU1",
    "seqBall": 3,
    "urnPosteriors": [
      25.0,
      75.0
    ],
    "colourPosteriors": [
      30.0,
      70.0
    ],
    "responseTimeUrn": 8.0,
    "responseTimeColour": 11.5996094
  }
]