[
  {
    "participantID": "71",
    "instanceName": "BU7",
    "seqBall": 1,
    "urnPosteriors": [
      25.0,
      35.0,
      40.0
    ],
    "colourPosteriors": [
      45.0,
      55.0
    ],
    "responseTimeUrn": 32.5822754,
    "responseTimeColour": 9.566162
  },
  {
    "participantID": "71",
    "instanceName": "BU7",
    "seqBall": 2,
    "urnPosteriors": [
      10.0,
      35.0,
      55.0
    ],
    "colourPosteriors": [
      35.0,
      65.0
    ],
    "responseTimeUrn": 23.565918,
    "responseTimeColour": 5.51635742
  },
  {
    "participantID": "71",
    "instanceName": "BU7",
    "seqBall": 3,
    "urnPosteriors": [
      23.0,
      27.0,
      50.0
    ],
    "colourPosteriors": [
      41.0,
      59.0
    ],
    "responseTimeUrn": 23.315918,
    "responseTimeColour": 7.68310547
  }
]