[
  {
    "participantID": "71",
    "instanceName": "BU5",
    "seqBall": 1,
    "urnPosteriors": [
      40.0,
      60.0
    ],
    "colourPosteriors": [
      20.0,
      25.0,
      25.0,
      30.0
    ],
    "responseTimeUrn": 12.4328613,
    "responseTimeColour": 48.18164
  },
  {
    "participantID": "71",
    "instanceName": "BU5",
    "seqBall": 2,
    "urnPosteriors": [
      30.0,
      70.0
    ],
    "colourPosteriors": [
      12.0,
      18.0,
      30.0,
      40.0
    ],
    "responseTimeUrn": 7.616455,
    "responseTimeColour": 84.89697
  },
  {
    "participantID": "71",
    "instanceName": "BU5",
    "seqBall": 3,
    "urnPosteriors": [
      20.0,
      80.0
    ],
    "colourPosteriors": [
      10.0,
      20.0,
      30.0,
      40.0
    ],
    "responseTimeUrn": 5.21630859,
    "responseTimeColour": 9.916504
  }
]