[
  {
    "participantID": "79",
    "instanceName": "BU9",
    "seqBall": 1,
    "urnPosteriors": [
      5.0,
      30.0,
      65.0
    ],
    "colourPosteriors": [
      20.0,
      5.0,
      75.0
    ],
    "responseTimeUrn": 20.18335,
    "responseTimeColour": 21.4833984
  },
  {
    "participantID": "79",
    "instanceName": "BU9",
    "seqBall": 2,
    "urnPosteriors": [
      0.0,
      35.0,
      65.0
    ],
    "colourPosteriors": [
      20.0,
      5.0,
      75.0
    ],
    "responseTimeUrn": 15.25,
    "responseTimeColour": 25.9001465
  },
  {
    "participantID": "79",
    "instanceName": "BU9",
    "seqBall": 3,
    "urnPosteriors": [
      10.0,
      30.0,
      60.0
    ],
    "colourPosteriors": [
      20.0,
      5.0,
      75.0
    ],
    "responseTimeUrn": 14.5166016,
    "responseTimeColour": 4.15014648
  }
]