[
  {
    "participantID": "79",
    "instanceName": "BU18",
    "seqBall": 1,
    "urnPosteriors": [
      5.0,
      15.0,
      25.0,
      55.0
    ],
    "colourPosteriors": [
      8.0,
      12.0,
      30.0,
      50.0
    ],
    "responseTimeUrn": 46.3667,
    "responseTimeColour": 31.8667
  },
  {
    "participantID": "79",
    "instanceName": "BU18",
    "seqBall": 2,
    "urnPosteriors": [
      5.0,
      15.0,
      40.0,
      40.0
    ],
    "colourPosteriors": [
      8.0,
      12.0,
      35.0,
      45.0
    ],
    "responseTimeUrn": 31.7001953,
    "responseTimeColour": 27.8667
  },
  {
    "participantID": "79",
    "instanceName": "BU18",
    "seqBall": 3,
    "urnPosteriors": [
      5.0,
      15.0,
      50.0,
      30.0
    ],
    "colourPosteriors": [
      8.0,
      12.0,
      10.0,
      70.0
    ],
    "responseTimeUrn": 10.4833984,
    "responseTimeColour": 36.3498535
  }
]