[
  {
    "participantID": "79",
    "instanceName": "BU3",
    "seqBall": 1,
    "urnPosteriors": [
      30.0,
      70.0
    ],
    "colourPosteriors": [
      65.0,
      25.0,
      10.0
    ],
    "responseTimeUrn": 19.1333,
    "responseTimeColour": 28.1665039
  },
  {
    "participantID": "79",
    "instanceName": "BU3",
    "seqBall": 2,
    "urnPosteriors": [
      28.0,
      72.0
    ],
    "colourPosteriors": [
      65.0,
      25.0,
      10.0
    ],
    "responseTimeUrn": 10.083252,
    "responseTimeColour": 4.28344727
  },
  {
    "participantID": "79",
    "instanceName": "BU3",
    "seqBall": 3,
    "urnPosteriors": [
      23.0,
      77.0
    ],
    "colourPosteriors": [
      70.0,
      25.0,
      5.0
    ],
    "responseTimeUrn": 11.31665,
    "responseTimeColour": 10.6333008
  }
]