[
  {
    "participantID": "1576998",
    "instanceName": "BU1",
    "seqBall": 1,
    "urnPosteriors": [
      50.0,
      50.0
    ],
    "colourPosteriors": [
      50.0,
      50.0
    ],
    "responseTimeUrn": 19.6489258,
    "responseTimeColour": 13.6831055
  },
  {
    "participantID": "1576998",
    "instanceName": "BU1",
    "seqBall": 2,
    "urnPosteriors": [
      70.0,
      30.0
    ],
    "colourPosteriors": [
      40.0,
      60.0
    ],
    "responseTimeUrn": 13.33252,
    "responseTimeColour": 11.4663086
  },
  {
    "participantID": "1576998",
    "instanceName": "BU1",
    "seqBall": 3,
    "urnPosteriors": [
      30.0,
      70.0
    ],
    "colourPosteriors": [
      55.0,
      45.0
    ],
    "responseTimeUrn": 24.2490234,
    "responseTimeColour": 21.9492188
  }
]