[
  {
    "participantID": "1576998",
    "instanceName": "BU7",
    "seqBall": 1,
    "urnPosteriors": [
      10.0,
      20.0,
      70.0
    ],
    "colourPosteriors": [
      70.0,
      30.0
    ],
    "responseTimeUrn": 44.1313477,
    "responseTimeColour": 7.04980469
  },
  {
    "participantID": "1576998",
    "instanceName": "BU7",
    "seqBall": 2,
    "urnPosteriors": [
      5.0,
      25.0,
      70.0
    ],
    "colourPosteriors": [
      70.0,
      30.0
    ],
    "responseTimeUrn": 12.3828125,
    "responseTimeColour": 3.300293
  },
  {
    "participantID": "1576998",
    "instanceName": "BU7",
    "seqBall": 3,
    "urnPosteriors": [
      15.0,
      25.0,
      60.0
    ],
    "colourPosteriors": [
      60.0,
      40.0
    ],
    "responseTimeUrn": 43.9980469,
    "responseTimeColour": 11.9833984
  }
]